player,mat,inns,no,runs,hs,ave,bf,sr,100,50,0,4s,6s,team,match,unique_id
zeeshan maqsood,1,1,0,1,1,1,7,14.28,0,0,0,0,0,oman,australia,05-jun-24_australia
zeeshan maqsood,1,1,0,1,1,1,5,20,0,0,0,0,0,oman,england,13-jun-24_england
zeeshan maqsood,1,1,0,22,22,22,20,110,0,0,0,4,0,oman,namibia,02-jun-24_tied
zeeshan maqsood,1,1,0,3,3,3,4,75,0,0,0,0,0,oman,scotland,09-jun-24_scotland
adam zampa,1,1,0,9,9,9,7,128.57,0,0,0,1,0,australia,afghanistan,22-jun-24_afghanistan
adam zampa,1,-,-,-,-,-,-,-,-,-,-,-,-,australia,bangladesh,20-jun-24_australia
adam zampa,1,-,-,-,-,-,-,-,-,-,-,-,-,australia,england,08-jun-24_australia
adam zampa,1,-,-,-,-,-,-,-,-,-,-,-,-,australia,india,24-jun-24_india
adam zampa,1,-,-,-,-,-,-,-,-,-,-,-,-,australia,namibia,11-jun-24_australia
adam zampa,1,-,-,-,-,-,-,-,-,-,-,-,-,australia,oman,05-jun-24_australia
adam zampa,1,-,-,-,-,-,-,-,-,-,-,-,-,australia,scotland,15-jun-24_australia
craig young,1,-,-,-,-,-,-,-,-,-,-,-,-,ireland,canada,07-jun-24_canada
suryakumar yadav,1,1,0,53,53,53,28,189.28,0,1,0,5,3,india,afghanistan,20-jun-24_india
suryakumar yadav,1,1,0,31,31,31,16,193.75,0,0,0,3,2,india,australia,24-jun-24_india
suryakumar yadav,1,1,0,6,6,6,2,300,0,0,0,0,1,india,bangladesh,22-jun-24_india
suryakumar yadav,1,1,0,47,47,47,36,130.55,0,0,0,4,2,india,england,27-jun-24_india
suryakumar yadav,1,1,0,2,2,2,4,50,0,0,0,0,0,india,ireland,05-jun-24_india
suryakumar yadav,1,1,0,7,7,7,8,87.5,0,0,0,1,0,india,pakistan,09-jun-24_india
suryakumar yadav,1,1,0,3,3,3,4,75,0,0,0,0,0,india,south africa,29-jun-24_india
suryakumar yadav,1,1,1,50,50*,-,49,102.04,0,1,0,2,2,india,u.s.a.,12-jun-24_india
ma wood,1,-,-,-,-,-,-,-,-,-,-,-,-,england,australia,08-jun-24_australia
ma wood,1,-,-,-,-,-,-,-,-,-,-,-,-,england,oman,13-jun-24_england
ma wood,1,-,-,-,-,-,-,-,-,-,-,-,-,england,scotland,04-jun-24_no result
ma wood,1,-,-,-,-,-,-,-,-,-,-,-,-,england,south africa,21-jun-24_south africa
ma wood,1,-,-,-,-,-,-,-,-,-,-,-,-,england,west indies,19-jun-24_england
kane williamson,1,1,0,9,9,9,13,69.23,0,0,0,1,0,new zealand,afghanistan,07-jun-24_afghanistan
kane williamson,1,1,1,18,18*,-,17,105.88,0,0,0,2,0,new zealand,p.n.g.,17-jun-24_new zealand
kane williamson,1,1,0,1,1,1,2,50,0,0,0,0,0,new zealand,west indies,12-jun-24_west indies
kane williamson,1,-,-,-,-,-,-,-,-,-,-,-,-,new zealand,uganda,14-jun-24_new zealand
david wiese,1,1,0,1,1,1,7,14.28,0,0,0,0,0,namibia,australia,11-jun-24_australia
david wiese,1,1,0,27,27,27,12,225,0,0,0,2,2,namibia,england,15-jun-24_england
david wiese,1,1,1,9,9*,-,8,112.5,0,0,0,0,1,namibia,oman,02-jun-24_tied
david wiese,1,1,0,14,14,14,13,107.69,0,0,0,0,1,namibia,scotland,06-jun-24_scotland
ben white,1,1,1,2,2*,-,4,50,0,0,0,0,0,ireland,india,05-jun-24_india
ben white,1,1,1,5,5*,-,20,25,0,0,0,0,0,ireland,pakistan,16-jun-24_pakistan
btj wheal,1,-,-,-,-,-,-,-,-,-,-,-,-,scotland,australia,15-jun-24_australia
btj wheal,1,-,-,-,-,-,-,-,-,-,-,-,-,scotland,england,04-jun-24_no result
btj wheal,1,-,-,-,-,-,-,-,-,-,-,-,-,scotland,namibia,06-jun-24_scotland
btj wheal,1,-,-,-,-,-,-,-,-,-,-,-,-,scotland,oman,09-jun-24_scotland
mrj watt,1,-,-,-,-,-,-,-,-,-,-,-,-,scotland,australia,15-jun-24_australia
mrj watt,1,-,-,-,-,-,-,-,-,-,-,-,-,scotland,england,04-jun-24_no result
mrj watt,1,-,-,-,-,-,-,-,-,-,-,-,-,scotland,namibia,06-jun-24_scotland
mrj watt,1,-,-,-,-,-,-,-,-,-,-,-,-,scotland,oman,09-jun-24_scotland
david warner,1,1,0,3,3,3,8,37.5,0,0,0,0,0,australia,afghanistan,22-jun-24_afghanistan
david warner,1,1,1,53,53*,-,35,151.42,0,1,0,5,3,australia,bangladesh,20-jun-24_australia
david warner,1,1,0,39,39,39,16,243.75,0,0,0,2,4,australia,england,08-jun-24_australia
david warner,1,1,0,6,6,6,6,100,0,0,0,1,0,australia,india,24-jun-24_india
david warner,1,1,0,20,20,20,8,250,0,0,0,3,1,australia,namibia,11-jun-24_australia
david warner,1,1,0,56,56,56,51,109.8,0,1,0,6,1,australia,oman,05-jun-24_australia
david warner,1,1,0,1,1,1,4,25,0,0,0,0,0,australia,scotland,15-jun-24_australia
k waiswa,1,1,0,11,11,11,18,61.11,0,0,0,2,0,uganda,new zealand,14-jun-24_new zealand
k waiswa,1,1,1,7,7*,-,16,43.75,0,0,0,0,0,uganda,p.n.g.,05-jun-24_uganda
k waiswa,1,1,0,1,1,1,10,10,0,0,0,0,0,uganda,west indies,08-jun-24_west indies
matthew wade,1,1,0,5,5,5,7,71.42,0,0,0,0,0,australia,afghanistan,22-jun-24_afghanistan
matthew wade,1,1,1,17,17*,-,10,170,0,0,0,3,0,australia,england,08-jun-24_australia
matthew wade,1,1,0,1,1,1,2,50,0,0,0,0,0,australia,india,24-jun-24_india
matthew wade,1,1,1,4,4*,-,5,80,0,0,0,0,0,australia,scotland,15-jun-24_australia
matthew wade,1,-,-,-,-,-,-,-,-,-,-,-,-,australia,bangladesh,20-jun-24_australia
matthew wade,1,-,-,-,-,-,-,-,-,-,-,-,-,australia,namibia,11-jun-24_australia
matthew wade,1,-,-,-,-,-,-,-,-,-,-,-,-,australia,oman,05-jun-24_australia
vikramjit singh,1,1,0,26,26,26,16,162.5,0,0,0,0,3,netherlands,bangladesh,13-jun-24_bangladesh
vikramjit singh,1,1,0,22,22,22,28,78.57,0,0,0,4,0,netherlands,nepal,04-jun-24_netherlands
vikramjit singh,1,1,0,12,12,12,17,70.58,0,0,0,1,0,netherlands,south africa,08-jun-24_south africa
vikramjit singh,1,1,0,7,7,7,10,70,0,0,0,0,0,netherlands,sri lanka,16-jun-24_sri lanka
n vanua,1,1,0,0,0,0,7,0,0,0,1,0,0,p.n.g.,afghanistan,13-jun-24_afghanistan
n vanua,1,1,0,14,14,14,13,107.69,0,0,0,1,1,p.n.g.,new zealand,17-jun-24_new zealand
n vanua,1,1,0,5,5,5,10,50,0,0,0,0,0,p.n.g.,uganda,05-jun-24_uganda
sc van schalkwyk,1,1,1,0,0*,-,0,-,0,0,0,0,0,u.s.a.,england,23-jun-24_england
sc van schalkwyk,1,1,1,11,11*,-,10,110,0,0,0,1,0,u.s.a.,india,12-jun-24_india
sc van schalkwyk,1,1,0,18,18,18,17,105.88,0,0,0,3,0,u.s.a.,west indies,21-jun-24_west indies
sc van schalkwyk,1,-,-,-,-,-,-,-,-,-,-,-,-,u.s.a.,canada,01-jun-24_u.s.a.
paul van meekeren,1,1,1,1,1*,-,1,100,0,0,0,0,0,netherlands,south africa,08-jun-24_south africa
paul van meekeren,1,1,0,3,3,3,8,37.5,0,0,0,0,0,netherlands,sri lanka,16-jun-24_sri lanka
paul van meekeren,1,-,-,-,-,-,-,-,-,-,-,-,-,netherlands,bangladesh,13-jun-24_bangladesh
paul van meekeren,1,-,-,-,-,-,-,-,-,-,-,-,-,netherlands,nepal,04-jun-24_netherlands
michael van lingen,1,1,0,10,10,10,10,100,0,0,0,2,0,namibia,australia,11-jun-24_australia
michael van lingen,1,1,0,33,33,33,29,113.79,0,0,0,1,3,namibia,england,15-jun-24_england
michael van lingen,1,1,0,0,0,0,2,0,0,0,1,0,0,namibia,oman,02-jun-24_tied
logan van beek,1,1,0,2,2,2,3,66.66,0,0,0,0,0,netherlands,bangladesh,13-jun-24_bangladesh
logan van beek,1,1,0,23,23,23,22,104.54,0,0,0,3,0,netherlands,south africa,08-jun-24_south africa
logan van beek,1,1,0,0,0,0,1,0,0,0,1,0,0,netherlands,sri lanka,16-jun-24_sri lanka
logan van beek,1,-,-,-,-,-,-,-,-,-,-,-,-,netherlands,nepal,04-jun-24_netherlands
a vala,1,1,0,3,3,3,2,150,0,0,0,0,0,p.n.g.,afghanistan,13-jun-24_afghanistan
a vala,1,1,0,6,6,6,16,37.5,0,0,0,1,0,p.n.g.,new zealand,17-jun-24_new zealand
a vala,1,1,0,0,0,0,2,0,0,0,1,0,0,p.n.g.,uganda,05-jun-24_uganda
a vala,1,1,0,21,21,21,22,95.45,0,0,0,2,1,p.n.g.,west indies,02-jun-24_west indies
shoaib khan,1,1,1,2,2*,-,1,200,0,0,0,0,0,pakistan,canada,11-jun-24_pakistan
shoaib khan,1,1,0,13,13,13,15,86.66,0,0,0,1,0,pakistan,india,09-jun-24_india
shoaib khan,1,1,0,2,2,2,3,66.66,0,0,0,0,0,pakistan,ireland,16-jun-24_pakistan
shoaib khan,1,1,0,3,3,3,3,100,0,0,0,0,0,pakistan,u.s.a.,06-jun-24_tied
tp ura,1,1,0,11,11,11,18,61.11,0,0,0,1,0,p.n.g.,afghanistan,13-jun-24_afghanistan
tp ura,1,1,0,1,1,1,2,50,0,0,0,0,0,p.n.g.,new zealand,17-jun-24_new zealand
tp ura,1,1,0,2,2,2,6,33.33,0,0,0,0,0,p.n.g.,uganda,05-jun-24_uganda
tp ura,1,1,0,2,2,2,5,40,0,0,0,0,0,p.n.g.,west indies,02-jun-24_west indies
lj tucker,1,1,0,10,10,10,15,66.66,0,0,0,0,0,ireland,canada,07-jun-24_canada
lj tucker,1,1,0,10,10,10,13,76.92,0,0,0,2,0,ireland,india,05-jun-24_india
lj tucker,1,1,0,2,2,2,2,100,0,0,0,0,0,ireland,pakistan,16-jun-24_pakistan
ruben trumpelmann,1,1,0,7,7,7,7,100,0,0,0,0,1,namibia,australia,11-jun-24_australia
ruben trumpelmann,1,1,0,1,1,1,2,50,0,0,0,0,0,namibia,scotland,06-jun-24_scotland
ruben trumpelmann,1,-,-,-,-,-,-,-,-,-,-,-,-,namibia,england,15-jun-24_england
ruben trumpelmann,1,-,-,-,-,-,-,-,-,-,-,-,-,namibia,oman,02-jun-24_tied
towhid hridoy,1,1,0,14,14,14,9,155.55,0,0,0,2,0,bangladesh,afghanistan,24-jun-24_afghanistan
towhid hridoy,1,1,0,40,40,40,28,142.85,0,0,0,2,2,bangladesh,australia,20-jun-24_australia
towhid hridoy,1,1,0,4,4,4,6,66.66,0,0,0,0,0,bangladesh,india,22-jun-24_india
towhid hridoy,1,1,0,9,9,9,7,128.57,0,0,0,2,0,bangladesh,nepal,16-jun-24_bangladesh
towhid hridoy,1,1,0,9,9,9,15,60,0,0,0,0,0,bangladesh,netherlands,13-jun-24_bangladesh
towhid hridoy,1,1,0,37,37,37,34,108.82,0,0,0,2,2,bangladesh,south africa,10-jun-24_south africa
towhid hridoy,1,1,0,40,40,40,20,200,0,0,0,1,4,bangladesh,sri lanka,07-jun-24_bangladesh
reece topley,1,1,1,3,3*,-,3,100,0,0,0,0,0,england,india,27-jun-24_india
reece topley,1,-,-,-,-,-,-,-,-,-,-,-,-,england,namibia,15-jun-24_england
reece topley,1,-,-,-,-,-,-,-,-,-,-,-,-,england,oman,13-jun-24_england
reece topley,1,-,-,-,-,-,-,-,-,-,-,-,-,england,south africa,21-jun-24_south africa
reece topley,1,-,-,-,-,-,-,-,-,-,-,-,-,england,u.s.a.,23-jun-24_england
reece topley,1,-,-,-,-,-,-,-,-,-,-,-,-,england,west indies,19-jun-24_england
n thushara,1,1,1,0,0*,-,1,0,0,0,0,0,0,sri lanka,bangladesh,07-jun-24_bangladesh
n thushara,1,1,0,0,0,0,4,0,0,0,1,0,0,sri lanka,south africa,03-jun-24_south africa
n thushara,1,-,-,-,-,-,-,-,-,-,-,-,-,sri lanka,netherlands,16-jun-24_sri lanka
m theekshana,1,1,0,0,0,0,3,0,0,0,1,0,0,sri lanka,bangladesh,07-jun-24_bangladesh
m theekshana,1,1,1,7,7*,-,16,43.75,0,0,0,1,0,sri lanka,south africa,03-jun-24_south africa
m theekshana,1,-,-,-,-,-,-,-,-,-,-,-,-,sri lanka,netherlands,16-jun-24_sri lanka
harry tector,1,1,0,7,7,7,5,140,0,0,0,0,0,ireland,canada,07-jun-24_canada
harry tector,1,1,0,4,4,4,16,25,0,0,0,0,0,ireland,india,05-jun-24_india
harry tector,1,1,0,0,0,0,6,0,0,0,1,0,0,ireland,pakistan,16-jun-24_pakistan
sr taylor,1,1,0,0,0,0,2,0,0,0,1,0,0,u.s.a.,canada,01-jun-24_u.s.a.
sr taylor,1,1,0,12,12,12,13,92.3,0,0,0,2,0,u.s.a.,england,23-jun-24_england
sr taylor,1,1,0,24,24,24,30,80,0,0,0,0,2,u.s.a.,india,12-jun-24_india
sr taylor,1,1,0,12,12,12,16,75,0,0,0,1,0,u.s.a.,pakistan,06-jun-24_tied
sr taylor,1,1,0,24,24,24,14,171.42,0,0,0,4,1,u.s.a.,south africa,19-jun-24_south africa
sr taylor,1,1,0,2,2,2,7,28.57,0,0,0,0,0,u.s.a.,west indies,21-jun-24_west indies
shakeel ahmed,1,1,0,2,2,2,9,22.22,0,0,0,0,0,bangladesh,afghanistan,24-jun-24_afghanistan
shakeel ahmed,1,1,1,13,13*,-,7,185.71,0,0,0,1,0,bangladesh,australia,20-jun-24_australia
shakeel ahmed,1,1,1,12,12*,-,15,80,0,0,0,2,0,bangladesh,nepal,16-jun-24_bangladesh
shakeel ahmed,1,1,1,1,1*,-,1,100,0,0,0,0,0,bangladesh,south africa,10-jun-24_south africa
shakeel ahmed,1,1,0,0,0,0,1,0,0,0,1,0,0,bangladesh,sri lanka,07-jun-24_bangladesh
shakeel ahmed,1,-,-,-,-,-,-,-,-,-,-,-,-,bangladesh,netherlands,13-jun-24_bangladesh
tanzim hasan sakib,1,1,0,3,3,3,10,30,0,0,0,0,0,bangladesh,afghanistan,24-jun-24_afghanistan
tanzim hasan sakib,1,1,1,4,4*,-,3,133.33,0,0,0,0,0,bangladesh,australia,20-jun-24_australia
tanzim hasan sakib,1,1,1,1,1*,-,1,100,0,0,0,0,0,bangladesh,india,22-jun-24_india
tanzim hasan sakib,1,1,0,3,3,3,5,60,0,0,0,0,0,bangladesh,nepal,16-jun-24_bangladesh
tanzim hasan sakib,1,1,1,1,1*,-,4,25,0,0,0,0,0,bangladesh,sri lanka,07-jun-24_bangladesh
tanzim hasan sakib,1,-,-,-,-,-,-,-,-,-,-,-,-,bangladesh,netherlands,13-jun-24_bangladesh
tanzim hasan sakib,1,-,-,-,-,-,-,-,-,-,-,-,-,bangladesh,south africa,10-jun-24_south africa
tanzid hasan,1,1,0,0,0,0,3,0,0,0,1,0,0,bangladesh,afghanistan,24-jun-24_afghanistan
tanzid hasan,1,1,0,0,0,0,3,0,0,0,1,0,0,bangladesh,australia,20-jun-24_australia
tanzid hasan,1,1,0,29,29,29,31,93.54,0,0,0,4,0,bangladesh,india,22-jun-24_india
tanzid hasan,1,1,0,0,0,0,1,0,0,0,1,0,0,bangladesh,nepal,16-jun-24_bangladesh
tanzid hasan,1,1,0,35,35,35,26,134.61,0,0,0,5,1,bangladesh,netherlands,13-jun-24_bangladesh
tanzid hasan,1,1,0,9,9,9,9,100,0,0,0,2,0,bangladesh,south africa,10-jun-24_south africa
tanzid hasan,1,1,0,3,3,3,6,50,0,0,0,0,0,bangladesh,sri lanka,07-jun-24_bangladesh
t stubbs,1,1,0,0,0,0,5,0,0,0,1,0,0,south africa,bangladesh,10-jun-24_south africa
t stubbs,1,1,1,12,12*,-,11,109.09,0,0,0,1,0,south africa,england,21-jun-24_south africa
t stubbs,1,1,0,31,31,31,21,147.61,0,0,0,3,1,south africa,india,29-jun-24_india
t stubbs,1,1,1,27,27*,-,18,150,0,0,0,2,1,south africa,nepal,14-jun-24_south africa
t stubbs,1,1,0,33,33,33,37,89.18,0,0,0,1,1,south africa,netherlands,08-jun-24_south africa
t stubbs,1,1,0,13,13,13,28,46.42,0,0,0,0,0,south africa,sri lanka,03-jun-24_south africa
t stubbs,1,1,1,20,20*,-,16,125,0,0,0,2,0,south africa,u.s.a.,19-jun-24_south africa
t stubbs,1,1,0,29,29,29,27,107.4,0,0,0,4,0,south africa,west indies,23-jun-24_south africa
t stubbs,1,-,-,-,-,-,-,-,-,-,-,-,-,south africa,afghanistan,26-jun-24_south africa
marcus stoinis,1,1,0,11,11,11,17,64.7,0,0,0,1,0,australia,afghanistan,22-jun-24_afghanistan
marcus stoinis,1,1,0,30,30,30,17,176.47,0,0,0,2,2,australia,england,08-jun-24_australia
marcus stoinis,1,1,0,2,2,2,4,50,0,0,0,0,0,australia,india,24-jun-24_india
marcus stoinis,1,1,1,67,67*,-,36,186.11,0,1,0,2,6,australia,oman,05-jun-24_australia
marcus stoinis,1,1,0,59,59,59,29,203.44,0,1,0,9,2,australia,scotland,15-jun-24_australia
marcus stoinis,1,-,-,-,-,-,-,-,-,-,-,-,-,australia,bangladesh,20-jun-24_australia
marcus stoinis,1,-,-,-,-,-,-,-,-,-,-,-,-,australia,namibia,11-jun-24_australia
paul stirling,1,1,0,9,9,9,17,52.94,0,0,0,1,0,ireland,canada,07-jun-24_canada
paul stirling,1,1,0,2,2,2,6,33.33,0,0,0,0,0,ireland,india,05-jun-24_india
paul stirling,1,1,0,1,1,1,2,50,0,0,0,0,0,ireland,pakistan,16-jun-24_pakistan
mitchell starc,1,1,1,0,0*,-,0,-,0,0,0,0,0,australia,england,08-jun-24_australia
mitchell starc,1,1,1,4,4*,-,7,57.14,0,0,0,0,0,australia,india,24-jun-24_india
mitchell starc,1,-,-,-,-,-,-,-,-,-,-,-,-,australia,bangladesh,20-jun-24_australia
mitchell starc,1,-,-,-,-,-,-,-,-,-,-,-,-,australia,oman,05-jun-24_australia
mitchell starc,1,-,-,-,-,-,-,-,-,-,-,-,-,australia,scotland,15-jun-24_australia
h ssenyondo,1,1,0,0,0,0,1,0,0,0,1,0,0,uganda,afghanistan,03-jun-24_afghanistan
tim southee,1,1,0,0,0,0,1,0,0,0,1,0,0,new zealand,west indies,12-jun-24_west indies
tim southee,1,-,-,-,-,-,-,-,-,-,-,-,-,new zealand,p.n.g.,17-jun-24_new zealand
tim southee,1,-,-,-,-,-,-,-,-,-,-,-,-,new zealand,uganda,14-jun-24_new zealand
soumya sarkar,1,1,0,10,10,10,10,100,0,0,0,1,0,bangladesh,afghanistan,24-jun-24_afghanistan
soumya sarkar,1,1,0,0,0,0,2,0,0,0,1,0,0,bangladesh,sri lanka,07-jun-24_bangladesh
ca soper,1,1,0,9,9,9,26,34.61,0,0,0,0,0,p.n.g.,afghanistan,13-jun-24_afghanistan
ca soper,1,1,0,1,1,1,6,16.66,0,0,0,0,0,p.n.g.,new zealand,17-jun-24_new zealand
ca soper,1,1,0,4,4,4,11,36.36,0,0,0,0,0,p.n.g.,uganda,05-jun-24_uganda
ca soper,1,1,0,10,10,10,9,111.11,0,0,0,1,0,p.n.g.,west indies,02-jun-24_west indies
sompal kami,1,1,0,0,0,0,2,0,0,0,1,0,0,nepal,bangladesh,16-jun-24_bangladesh
sompal kami,1,1,0,0,0,0,5,0,0,0,1,0,0,nepal,netherlands,04-jun-24_netherlands
sompal kami,1,1,1,8,8*,-,4,200,0,0,0,0,1,nepal,south africa,14-jun-24_south africa
cb sole,1,-,-,-,-,-,-,-,-,-,-,-,-,scotland,australia,15-jun-24_australia
cb sole,1,-,-,-,-,-,-,-,-,-,-,-,-,scotland,england,04-jun-24_no result
cb sole,1,-,-,-,-,-,-,-,-,-,-,-,-,scotland,namibia,06-jun-24_scotland
cb sole,1,-,-,-,-,-,-,-,-,-,-,-,-,scotland,oman,09-jun-24_scotland
is sodhi,1,-,-,-,-,-,-,-,-,-,-,-,-,new zealand,p.n.g.,17-jun-24_new zealand
jj smit,1,1,0,3,3,3,9,33.33,0,0,0,0,0,namibia,australia,11-jun-24_australia
jj smit,1,1,1,0,0*,-,1,0,0,0,0,0,0,namibia,england,15-jun-24_england
jj smit,1,1,0,8,8,8,12,66.66,0,0,0,1,0,namibia,oman,02-jun-24_tied
jj smit,1,1,0,11,11,11,8,137.5,0,0,0,0,1,namibia,scotland,06-jun-24_scotland
l siaka,1,1,0,0,0,0,1,0,0,0,1,0,0,p.n.g.,afghanistan,13-jun-24_afghanistan
l siaka,1,1,0,12,12,12,17,70.58,0,0,0,1,0,p.n.g.,uganda,05-jun-24_uganda
l siaka,1,1,0,1,1,1,2,50,0,0,0,0,0,p.n.g.,west indies,02-jun-24_west indies
shoaib khan,1,1,0,0,0,0,4,0,0,0,1,0,0,oman,australia,05-jun-24_australia
shoaib khan,1,1,0,11,11,11,23,47.82,0,0,0,1,0,oman,england,13-jun-24_england
tim david,1,1,0,9,9,9,4,225,0,0,0,2,0,australia,oman,05-jun-24_australia
tim david,1,1,1,24,24*,-,14,171.42,0,0,0,2,1,australia,scotland,15-jun-24_australia
tim david,1,-,-,-,-,-,-,-,-,-,-,-,-,australia,bangladesh,20-jun-24_australia
tim david,1,-,-,-,-,-,-,-,-,-,-,-,-,australia,namibia,11-jun-24_australia
nikolaas davin,1,1,0,2,2,2,7,28.57,0,0,0,0,0,namibia,australia,11-jun-24_australia
nikolaas davin,1,1,0,18,18,18,16,112.5,0,0,0,1,1,namibia,england,15-jun-24_england
nikolaas davin,1,1,0,24,24,24,31,77.41,0,0,0,2,1,namibia,oman,02-jun-24_tied
nikolaas davin,1,1,0,20,20,20,12,166.66,0,0,0,4,0,namibia,scotland,06-jun-24_scotland
q de kock,1,1,0,5,5,5,8,62.5,0,0,0,1,0,south africa,afghanistan,26-jun-24_south africa
q de kock,1,1,0,18,18,18,11,163.63,0,0,0,1,2,south africa,bangladesh,10-jun-24_south africa
q de kock,1,1,0,65,65,65,38,171.05,0,1,0,4,4,south africa,england,21-jun-24_south africa
q de kock,1,1,0,39,39,39,31,125.8,0,0,0,4,1,south africa,india,29-jun-24_india
q de kock,1,1,0,10,10,10,11,90.9,0,0,0,1,0,south africa,nepal,14-jun-24_south africa
q de kock,1,1,0,0,0,0,0,-,0,0,1,0,0,south africa,netherlands,08-jun-24_south africa
q de kock,1,1,0,20,20,20,27,74.07,0,0,0,0,1,south africa,sri lanka,03-jun-24_south africa
q de kock,1,1,0,74,74,74,40,185,0,1,0,7,5,south africa,u.s.a.,19-jun-24_south africa
q de kock,1,1,0,12,12,12,7,171.42,0,0,0,3,0,south africa,west indies,23-jun-24_south africa
gareth delany,1,1,0,3,3,3,7,42.85,0,0,0,0,0,ireland,canada,07-jun-24_canada
gareth delany,1,1,0,26,26,26,14,185.71,0,0,0,2,2,ireland,india,05-jun-24_india
gareth delany,1,1,0,31,31,31,19,163.15,0,0,0,1,3,ireland,pakistan,16-jun-24_pakistan
bas de leede,1,1,0,0,0,0,2,0,0,0,1,0,0,netherlands,bangladesh,13-jun-24_bangladesh
bas de leede,1,1,1,11,11*,-,10,110,0,0,0,1,0,netherlands,nepal,04-jun-24_netherlands
bas de leede,1,1,0,6,6,6,16,37.5,0,0,0,0,0,netherlands,south africa,08-jun-24_south africa
bas de leede,1,1,0,3,3,3,5,60,0,0,0,0,0,netherlands,sri lanka,16-jun-24_sri lanka
dm de silva,1,1,0,21,21,21,26,80.76,0,0,0,1,0,sri lanka,bangladesh,07-jun-24_bangladesh
dm de silva,1,1,0,34,34,34,26,130.76,0,0,0,3,1,sri lanka,netherlands,16-jun-24_sri lanka
sagar dhakal,1,1,1,0,0*,-,1,0,0,0,0,0,0,nepal,netherlands,04-jun-24_netherlands
navneet dhaliwal,1,1,0,6,6,6,10,60,0,0,0,1,0,canada,ireland,07-jun-24_canada
navneet dhaliwal,1,1,0,4,4,4,7,57.14,0,0,0,1,0,canada,pakistan,11-jun-24_pakistan
navneet dhaliwal,1,1,0,61,61,61,44,138.63,0,1,0,6,3,canada,u.s.a.,01-jun-24_u.s.a.
george dockrell,1,1,1,30,30*,-,23,130.43,0,0,0,2,1,ireland,canada,07-jun-24_canada
george dockrell,1,1,0,3,3,3,5,60,0,0,0,0,0,ireland,india,05-jun-24_india
george dockrell,1,1,0,11,11,11,10,110,0,0,0,2,0,ireland,pakistan,16-jun-24_pakistan
k doriga,1,1,0,27,27,27,32,84.37,0,0,0,2,0,p.n.g.,afghanistan,13-jun-24_afghanistan
k doriga,1,1,0,5,5,5,7,71.42,0,0,0,1,0,p.n.g.,new zealand,17-jun-24_new zealand
k doriga,1,1,0,12,12,12,20,60,0,0,0,0,1,p.n.g.,uganda,05-jun-24_uganda
k doriga,1,1,1,27,27*,-,18,150,0,0,0,3,0,p.n.g.,west indies,02-jun-24_west indies
shivam dube,1,1,0,10,10,10,7,142.85,0,0,0,0,1,india,afghanistan,20-jun-24_india
shivam dube,1,1,0,28,28,28,22,127.27,0,0,0,2,1,india,australia,24-jun-24_india
shivam dube,1,1,0,34,34,34,24,141.66,0,0,0,0,3,india,bangladesh,22-jun-24_india
shivam dube,1,1,0,0,0,0,1,0,0,0,1,0,0,india,england,27-jun-24_india
shivam dube,1,1,1,0,0*,-,2,0,0,0,0,0,0,india,ireland,05-jun-24_india
shivam dube,1,1,0,3,3,3,9,33.33,0,0,0,0,0,india,pakistan,09-jun-24_india
shivam dube,1,1,0,27,27,27,16,168.75,0,0,0,3,1,india,south africa,29-jun-24_india
shivam dube,1,1,1,31,31*,-,35,88.57,0,0,0,1,1,india,u.s.a.,12-jun-24_india
aryan dutt,1,1,1,15,15*,-,12,125,0,0,0,1,1,netherlands,bangladesh,13-jun-24_bangladesh
aryan dutt,1,1,0,10,10,10,8,125,0,0,0,1,0,netherlands,sri lanka,16-jun-24_sri lanka
nikhil dutta,1,-,-,-,-,-,-,-,-,-,-,-,-,canada,u.s.a.,01-jun-24_u.s.a.
sa edwards,1,1,0,25,25,25,23,108.69,0,0,0,3,0,netherlands,bangladesh,13-jun-24_bangladesh
sa edwards,1,1,0,5,5,5,8,62.5,0,0,0,0,0,netherlands,nepal,04-jun-24_netherlands
sa edwards,1,1,0,10,10,10,9,111.11,0,0,0,0,1,netherlands,south africa,08-jun-24_south africa
sa edwards,1,1,0,31,31,31,24,129.16,0,0,0,2,1,netherlands,sri lanka,16-jun-24_sri lanka
nathan ellis,1,-,-,-,-,-,-,-,-,-,-,-,-,australia,namibia,11-jun-24_australia
nathan ellis,1,-,-,-,-,-,-,-,-,-,-,-,-,australia,oman,05-jun-24_australia
nathan ellis,1,-,-,-,-,-,-,-,-,-,-,-,-,australia,scotland,15-jun-24_australia
sybrand engelbrecht,1,1,0,33,33,33,22,150,0,0,0,3,1,netherlands,bangladesh,13-jun-24_bangladesh
sybrand engelbrecht,1,1,0,14,14,14,16,87.5,0,0,0,1,0,netherlands,nepal,04-jun-24_netherlands
sybrand engelbrecht,1,1,0,40,40,40,45,88.88,0,0,0,2,1,netherlands,south africa,08-jun-24_south africa
sybrand engelbrecht,1,1,0,11,11,11,9,122.22,0,0,0,0,1,netherlands,sri lanka,16-jun-24_sri lanka
gerhard erasmus,1,1,0,36,36,36,43,83.72,0,0,0,4,1,namibia,australia,11-jun-24_australia
gerhard erasmus,1,1,1,1,1*,-,3,33.33,0,0,0,0,0,namibia,england,15-jun-24_england
gerhard erasmus,1,1,0,13,13,13,16,81.25,0,0,0,1,0,namibia,oman,02-jun-24_tied
gerhard erasmus,1,1,0,52,52,52,31,167.74,0,1,0,5,2,namibia,scotland,06-jun-24_scotland
fakhar zaman,1,1,0,4,4,4,6,66.66,0,0,0,0,0,pakistan,canada,11-jun-24_pakistan
fakhar zaman,1,1,0,13,13,13,8,162.5,0,0,0,1,1,pakistan,india,09-jun-24_india
fakhar zaman,1,1,0,5,5,5,9,55.55,0,0,0,0,0,pakistan,ireland,16-jun-24_pakistan
fakhar zaman,1,1,0,11,11,11,7,157.14,0,0,0,0,1,pakistan,u.s.a.,06-jun-24_tied
fayyaz butt,1,1,0,2,2,2,7,28.57,0,0,0,0,0,oman,england,13-jun-24_england
fazalhaq farooqi,1,1,1,4,4*,-,1,400,0,0,0,1,0,afghanistan,india,20-jun-24_india
fazalhaq farooqi,1,1,1,2,2*,-,2,100,0,0,0,0,0,afghanistan,south africa,26-jun-24_south africa
fazalhaq farooqi,1,1,1,0,0*,-,2,0,0,0,0,0,0,afghanistan,west indies,17-jun-24_west indies
fazalhaq farooqi,1,-,-,-,-,-,-,-,-,-,-,-,-,afghanistan,australia,22-jun-24_afghanistan
fazalhaq farooqi,1,-,-,-,-,-,-,-,-,-,-,-,-,afghanistan,bangladesh,24-jun-24_afghanistan
fazalhaq farooqi,1,-,-,-,-,-,-,-,-,-,-,-,-,afghanistan,new zealand,07-jun-24_afghanistan
fazalhaq farooqi,1,-,-,-,-,-,-,-,-,-,-,-,-,afghanistan,p.n.g.,13-jun-24_afghanistan
fazalhaq farooqi,1,-,-,-,-,-,-,-,-,-,-,-,-,afghanistan,uganda,03-jun-24_afghanistan
lh ferguson,1,1,0,2,2,2,5,40,0,0,0,0,0,new zealand,afghanistan,07-jun-24_afghanistan
lh ferguson,1,1,1,0,0*,-,0,-,0,0,0,0,0,new zealand,west indies,12-jun-24_west indies
lh ferguson,1,-,-,-,-,-,-,-,-,-,-,-,-,new zealand,p.n.g.,17-jun-24_new zealand
lh ferguson,1,-,-,-,-,-,-,-,-,-,-,-,-,new zealand,uganda,14-jun-24_new zealand
jan frylinck,1,1,0,1,1,1,6,16.66,0,0,0,0,0,namibia,australia,11-jun-24_australia
jan frylinck,1,1,0,45,45,45,48,93.75,0,0,0,6,0,namibia,oman,02-jun-24_tied
jan frylinck,1,1,0,12,12,12,14,85.71,0,0,0,2,0,namibia,scotland,06-jun-24_scotland
jan frylinck,1,-,-,-,-,-,-,-,-,-,-,-,-,namibia,england,15-jun-24_england
jeremy gordon,1,-,-,-,-,-,-,-,-,-,-,-,-,canada,ireland,07-jun-24_canada
jeremy gordon,1,-,-,-,-,-,-,-,-,-,-,-,-,canada,pakistan,11-jun-24_pakistan
jeremy gordon,1,-,-,-,-,-,-,-,-,-,-,-,-,canada,u.s.a.,01-jun-24_u.s.a.
ags gous,1,1,0,65,65,65,46,141.3,0,1,0,7,3,u.s.a.,canada,01-jun-24_u.s.a.
ags gous,1,1,0,8,8,8,5,160,0,0,0,0,1,u.s.a.,england,23-jun-24_england
ags gous,1,1,0,2,2,2,5,40,0,0,0,0,0,u.s.a.,india,12-jun-24_india
ags gous,1,1,0,35,35,35,26,134.61,0,0,0,5,1,u.s.a.,pakistan,06-jun-24_tied
ags gous,1,1,1,80,80*,-,47,170.21,0,1,0,5,5,u.s.a.,south africa,19-jun-24_south africa
ags gous,1,1,0,29,29,29,16,181.25,0,0,0,3,1,u.s.a.,west indies,21-jun-24_west indies
cn greaves,1,1,1,9,9*,-,10,90,0,0,0,0,0,scotland,australia,15-jun-24_australia
cn greaves,1,1,1,4,4*,-,3,133.33,0,0,0,0,0,scotland,namibia,06-jun-24_scotland
cn greaves,1,-,-,-,-,-,-,-,-,-,-,-,-,scotland,england,04-jun-24_no result
cn greaves,1,-,-,-,-,-,-,-,-,-,-,-,-,scotland,oman,09-jun-24_scotland
cameron green,1,1,0,1,1,1,4,25,0,0,0,0,0,namibia,australia,11-jun-24_australia
cameron green,1,1,0,0,0,0,2,0,0,0,1,0,0,namibia,oman,02-jun-24_tied
cameron green,1,1,0,28,28,28,27,103.7,0,0,0,1,1,namibia,scotland,06-jun-24_scotland
cameron green,1,-,-,-,-,-,-,-,-,-,-,-,-,namibia,england,15-jun-24_england
gulbadin naib,1,1,0,0,0,0,1,0,0,0,1,0,0,afghanistan,australia,22-jun-24_afghanistan
gulbadin naib,1,1,0,4,4,4,3,133.33,0,0,0,1,0,afghanistan,bangladesh,24-jun-24_afghanistan
gulbadin naib,1,1,0,17,17,17,21,80.95,0,0,0,1,1,afghanistan,india,20-jun-24_india
gulbadin naib,1,1,0,0,0,0,2,0,0,0,1,0,0,afghanistan,new zealand,07-jun-24_afghanistan
gulbadin naib,1,1,1,49,49*,-,36,136.11,0,0,0,4,2,afghanistan,p.n.g.,13-jun-24_afghanistan
gulbadin naib,1,1,0,9,9,9,8,112.5,0,0,0,2,0,afghanistan,south africa,26-jun-24_south africa
gulbadin naib,1,1,0,4,4,4,5,80,0,0,0,0,0,afghanistan,uganda,03-jun-24_afghanistan
gulbadin naib,1,1,0,7,7,7,10,70,0,0,0,1,0,afghanistan,west indies,17-jun-24_west indies
gulsan jha,1,1,0,0,0,0,4,0,0,0,1,0,0,nepal,bangladesh,16-jun-24_bangladesh
gulsan jha,1,1,0,14,14,14,15,93.33,0,0,0,0,1,nepal,netherlands,04-jun-24_netherlands
gulsan jha,1,1,0,6,6,6,6,100,0,0,0,1,0,nepal,south africa,14-jun-24_south africa
haris rauf,1,1,1,3,3*,-,3,100,0,0,0,0,0,pakistan,u.s.a.,06-jun-24_tied
haris rauf,1,-,-,-,-,-,-,-,-,-,-,-,-,pakistan,canada,11-jun-24_pakistan
haris rauf,1,-,-,-,-,-,-,-,-,-,-,-,-,pakistan,india,09-jun-24_india
haris rauf,1,-,-,-,-,-,-,-,-,-,-,-,-,pakistan,ireland,16-jun-24_pakistan
vikramjit singh,1,1,0,21,21,21,17,123.52,0,0,0,2,1,u.s.a.,england,23-jun-24_england
vikramjit singh,1,1,0,10,10,10,10,100,0,0,0,0,1,u.s.a.,india,12-jun-24_india
vikramjit singh,1,1,0,38,38,38,22,172.72,0,0,0,2,3,u.s.a.,south africa,19-jun-24_south africa
vikramjit singh,1,1,0,0,0,0,1,0,0,0,1,0,0,u.s.a.,west indies,21-jun-24_west indies
vikramjit singh,1,-,-,-,-,-,-,-,-,-,-,-,-,u.s.a.,canada,01-jun-24_u.s.a.
vikramjit singh,1,-,-,-,-,-,-,-,-,-,-,-,-,u.s.a.,pakistan,06-jun-24_tied
pw hasaranga,1,1,0,0,0,0,1,0,0,0,1,0,0,sri lanka,bangladesh,07-jun-24_bangladesh
pw hasaranga,1,1,1,20,20*,-,6,333.33,0,0,0,1,2,sri lanka,netherlands,16-jun-24_sri lanka
pw hasaranga,1,1,0,0,0,0,2,0,0,0,1,0,0,sri lanka,south africa,03-jun-24_south africa
josh hazlewood,1,1,1,5,5*,-,7,71.42,0,0,0,0,0,australia,afghanistan,22-jun-24_afghanistan
josh hazlewood,1,-,-,-,-,-,-,-,-,-,-,-,-,australia,bangladesh,20-jun-24_australia
josh hazlewood,1,-,-,-,-,-,-,-,-,-,-,-,-,australia,england,08-jun-24_australia
josh hazlewood,1,-,-,-,-,-,-,-,-,-,-,-,-,australia,india,24-jun-24_india
josh hazlewood,1,-,-,-,-,-,-,-,-,-,-,-,-,australia,namibia,11-jun-24_australia
josh hazlewood,1,-,-,-,-,-,-,-,-,-,-,-,-,australia,oman,05-jun-24_australia
hazratullah zazai,1,1,0,2,2,2,4,50,0,0,0,0,0,afghanistan,india,20-jun-24_india
travis head,1,1,0,0,0,0,3,0,0,0,1,0,0,australia,afghanistan,22-jun-24_afghanistan
travis head,1,1,0,31,31,31,21,147.61,0,0,0,3,2,australia,bangladesh,20-jun-24_australia
travis head,1,1,0,34,34,34,18,188.88,0,0,0,2,3,australia,england,08-jun-24_australia
travis head,1,1,0,76,76,76,43,176.74,0,1,0,9,4,australia,india,24-jun-24_india
travis head,1,1,1,34,34*,-,17,200,0,0,0,5,2,australia,namibia,11-jun-24_australia
travis head,1,1,0,12,12,12,10,120,0,0,0,2,0,australia,oman,05-jun-24_australia
travis head,1,1,0,68,68,68,49,138.77,0,1,0,5,4,australia,scotland,15-jun-24_australia
rr hendricks,1,1,1,29,29*,-,25,116,0,0,0,3,1,south africa,afghanistan,26-jun-24_south africa
rr hendricks,1,1,0,0,0,0,1,0,0,0,1,0,0,south africa,bangladesh,10-jun-24_south africa
rr hendricks,1,1,0,19,19,19,25,76,0,0,0,1,0,south africa,england,21-jun-24_south africa
rr hendricks,1,1,0,4,4,4,5,80,0,0,0,1,0,south africa,india,29-jun-24_india
rr hendricks,1,1,0,43,43,43,49,87.75,0,0,0,5,1,south africa,nepal,14-jun-24_south africa
rr hendricks,1,1,0,3,3,3,10,30,0,0,0,0,0,south africa,netherlands,08-jun-24_south africa
rr hendricks,1,1,0,4,4,4,2,200,0,0,0,1,0,south africa,sri lanka,03-jun-24_south africa
rr hendricks,1,1,0,11,11,11,11,100,0,0,0,0,1,south africa,u.s.a.,19-jun-24_south africa
rr hendricks,1,1,0,0,0,0,1,0,0,0,1,0,0,south africa,west indies,23-jun-24_south africa
matt henry,1,1,0,12,12,12,17,70.58,0,0,0,0,1,new zealand,afghanistan,07-jun-24_afghanistan
dilon heyliger,1,1,0,0,0,0,2,0,0,0,1,0,0,canada,ireland,07-jun-24_canada
dilon heyliger,1,1,1,9,9*,-,11,81.81,0,0,0,1,0,canada,pakistan,11-jun-24_pakistan
dilon heyliger,1,1,1,1,1*,-,1,100,0,0,0,0,0,canada,u.s.a.,01-jun-24_u.s.a.
h hiri,1,1,0,1,1,1,3,33.33,0,0,0,0,0,p.n.g.,afghanistan,13-jun-24_afghanistan
h hiri,1,1,0,7,7,7,11,63.63,0,0,0,1,0,p.n.g.,new zealand,17-jun-24_new zealand
h hiri,1,1,0,15,15,15,19,78.94,0,0,0,2,0,p.n.g.,uganda,05-jun-24_uganda
h hiri,1,1,0,2,2,2,6,33.33,0,0,0,0,0,p.n.g.,west indies,02-jun-24_west indies
sd hope,1,1,0,25,25,25,17,147.05,0,0,0,0,2,west indies,afghanistan,17-jun-24_west indies
sd hope,1,1,0,0,0,0,1,0,0,0,1,0,0,west indies,south africa,23-jun-24_south africa
sd hope,1,1,1,82,82*,-,39,210.25,0,1,0,4,8,west indies,u.s.a.,21-jun-24_west indies
aj hosein,1,1,0,15,15,15,17,88.23,0,0,0,0,1,west indies,new zealand,12-jun-24_west indies
aj hosein,1,1,0,6,6,6,11,54.54,0,0,0,1,0,west indies,south africa,23-jun-24_south africa
aj hosein,1,-,-,-,-,-,-,-,-,-,-,-,-,west indies,afghanistan,17-jun-24_west indies
aj hosein,1,-,-,-,-,-,-,-,-,-,-,-,-,west indies,england,19-jun-24_england
aj hosein,1,-,-,-,-,-,-,-,-,-,-,-,-,west indies,p.n.g.,02-jun-24_west indies
aj hosein,1,-,-,-,-,-,-,-,-,-,-,-,-,west indies,uganda,08-jun-24_west indies
aj hosein,1,-,-,-,-,-,-,-,-,-,-,-,-,west indies,u.s.a.,21-jun-24_west indies
najibullah zadran,1,1,0,51,51,51,48,106.25,0,1,0,6,0,afghanistan,australia,22-jun-24_afghanistan
najibullah zadran,1,1,0,18,18,18,29,62.06,0,0,0,1,0,afghanistan,bangladesh,24-jun-24_afghanistan
najibullah zadran,1,1,0,8,8,8,11,72.72,0,0,0,1,0,afghanistan,india,20-jun-24_india
najibullah zadran,1,1,0,44,44,44,41,107.31,0,0,0,3,2,afghanistan,new zealand,07-jun-24_afghanistan
najibullah zadran,1,1,0,0,0,0,7,0,0,0,1,0,0,afghanistan,p.n.g.,13-jun-24_afghanistan
najibullah zadran,1,1,0,2,2,2,5,40,0,0,0,0,0,afghanistan,south africa,26-jun-24_south africa
najibullah zadran,1,1,0,70,70,70,46,152.17,0,1,0,9,1,afghanistan,uganda,03-jun-24_afghanistan
najibullah zadran,1,1,0,38,38,38,28,135.71,0,0,0,5,1,afghanistan,west indies,17-jun-24_west indies
shakeel ahmed,1,1,0,5,5,5,9,55.55,0,0,0,0,0,pakistan,india,09-jun-24_india
shakeel ahmed,1,1,0,18,18,18,14,128.57,0,0,0,3,0,pakistan,u.s.a.,06-jun-24_tied
imad wasim,1,1,0,15,15,15,23,65.21,0,0,0,1,0,pakistan,india,09-jun-24_india
imad wasim,1,1,0,4,4,4,6,66.66,0,0,0,1,0,pakistan,ireland,16-jun-24_pakistan
imad wasim,1,-,-,-,-,-,-,-,-,-,-,-,-,pakistan,canada,11-jun-24_pakistan
will jacks,1,1,0,10,10,10,10,100,0,0,0,1,0,england,australia,08-jun-24_australia
will jacks,1,1,0,5,5,5,7,71.42,0,0,0,1,0,england,oman,13-jun-24_england
will jacks,1,-,-,-,-,-,-,-,-,-,-,-,-,england,scotland,04-jun-24_no result
ravindra jadeja,1,1,0,7,7,7,5,140,0,0,0,1,0,india,afghanistan,20-jun-24_india
ravindra jadeja,1,1,1,9,9*,-,5,180,0,0,0,0,1,india,australia,24-jun-24_india
ravindra jadeja,1,1,1,17,17*,-,9,188.88,0,0,0,2,0,india,england,27-jun-24_india
ravindra jadeja,1,1,0,0,0,0,1,0,0,0,1,0,0,india,pakistan,09-jun-24_india
ravindra jadeja,1,1,0,2,2,2,2,100,0,0,0,0,0,india,south africa,29-jun-24_india
ravindra jadeja,1,-,-,-,-,-,-,-,-,-,-,-,-,india,bangladesh,22-jun-24_india
ravindra jadeja,1,-,-,-,-,-,-,-,-,-,-,-,-,india,ireland,05-jun-24_india
ravindra jadeja,1,-,-,-,-,-,-,-,-,-,-,-,-,india,u.s.a.,12-jun-24_india
moeen ali,1,1,0,1,1,1,4,25,0,0,0,0,0,bangladesh,india,22-jun-24_india
moeen ali,1,1,0,12,12,12,26,46.15,0,0,0,0,0,bangladesh,nepal,16-jun-24_bangladesh
moeen ali,1,1,1,14,14*,-,7,200,0,0,0,3,0,bangladesh,netherlands,13-jun-24_bangladesh
moeen ali,1,1,0,8,8,8,9,88.88,0,0,0,0,0,bangladesh,south africa,10-jun-24_south africa
m jansen,1,1,1,5,5*,-,5,100,0,0,0,0,0,south africa,bangladesh,10-jun-24_south africa
m jansen,1,1,0,0,0,0,1,0,0,0,1,0,0,south africa,england,21-jun-24_south africa
m jansen,1,1,0,2,2,2,4,50,0,0,0,0,0,south africa,india,29-jun-24_india
m jansen,1,1,0,1,1,1,4,25,0,0,0,0,0,south africa,nepal,14-jun-24_south africa
m jansen,1,1,0,3,3,3,5,60,0,0,0,0,0,south africa,netherlands,08-jun-24_south africa
m jansen,1,1,1,21,21*,-,14,150,0,0,0,1,1,south africa,west indies,23-jun-24_south africa
m jansen,1,-,-,-,-,-,-,-,-,-,-,-,-,south africa,afghanistan,26-jun-24_south africa
m jansen,1,-,-,-,-,-,-,-,-,-,-,-,-,south africa,sri lanka,03-jun-24_south africa
m jansen,1,-,-,-,-,-,-,-,-,-,-,-,-,south africa,u.s.a.,19-jun-24_south africa
vikramjit singh,1,1,0,2,2,2,7,28.57,0,0,0,0,0,u.s.a.,india,12-jun-24_india
vikramjit singh,1,1,1,2,2*,-,6,33.33,0,0,0,0,0,u.s.a.,south africa,19-jun-24_south africa
vikramjit singh,1,-,-,-,-,-,-,-,-,-,-,-,-,u.s.a.,canada,01-jun-24_u.s.a.
vikramjit singh,1,-,-,-,-,-,-,-,-,-,-,-,-,u.s.a.,pakistan,06-jun-24_tied
aaron johnson,1,1,0,14,14,14,13,107.69,0,0,0,3,0,canada,ireland,07-jun-24_canada
aaron johnson,1,1,0,52,52,52,44,118.18,0,1,0,4,4,canada,pakistan,11-jun-24_pakistan
aaron johnson,1,1,0,23,23,23,16,143.75,0,0,0,5,0,canada,u.s.a.,01-jun-24_u.s.a.
ma jones,1,1,0,2,2,2,3,66.66,0,0,0,0,0,scotland,australia,15-jun-24_australia
ma jones,1,1,1,45,45*,-,30,150,0,0,0,4,2,scotland,england,04-jun-24_no result
ma jones,1,1,0,26,26,26,20,130,0,0,0,3,1,scotland,namibia,06-jun-24_scotland
ma jones,1,1,0,16,16,16,13,123.07,0,0,0,1,2,scotland,oman,09-jun-24_scotland
sundeep jora,1,1,0,1,1,1,8,12.5,0,0,0,0,0,nepal,bangladesh,16-jun-24_bangladesh
chris jordan,1,1,1,1,1*,-,3,33.33,0,0,0,0,0,england,australia,08-jun-24_australia
chris jordan,1,1,0,1,1,1,5,20,0,0,0,0,0,england,india,27-jun-24_india
chris jordan,1,-,-,-,-,-,-,-,-,-,-,-,-,england,namibia,15-jun-24_england
chris jordan,1,-,-,-,-,-,-,-,-,-,-,-,-,england,scotland,04-jun-24_no result
chris jordan,1,-,-,-,-,-,-,-,-,-,-,-,-,england,u.s.a.,23-jun-24_england
as joseph,1,1,0,6,6,6,6,100,0,0,0,1,0,west indies,new zealand,12-jun-24_west indies
as joseph,1,1,1,11,11*,-,7,157.14,0,0,0,0,1,west indies,south africa,23-jun-24_south africa
as joseph,1,-,-,-,-,-,-,-,-,-,-,-,-,west indies,afghanistan,17-jun-24_west indies
as joseph,1,-,-,-,-,-,-,-,-,-,-,-,-,west indies,england,19-jun-24_england
as joseph,1,-,-,-,-,-,-,-,-,-,-,-,-,west indies,p.n.g.,02-jun-24_west indies
as joseph,1,-,-,-,-,-,-,-,-,-,-,-,-,west indies,uganda,08-jun-24_west indies
as joseph,1,-,-,-,-,-,-,-,-,-,-,-,-,west indies,u.s.a.,21-jun-24_west indies
junaid siddiqui,1,-,-,-,-,-,-,-,-,-,-,-,-,canada,ireland,07-jun-24_canada
junaid siddiqui,1,-,-,-,-,-,-,-,-,-,-,-,-,canada,pakistan,11-jun-24_pakistan
kaleemullah,1,1,1,6,6*,-,4,150,0,0,0,0,0,oman,australia,05-jun-24_australia
kaleemullah,1,1,0,5,5,5,5,100,0,0,0,1,0,oman,england,13-jun-24_england
kaleemullah,1,1,0,2,2,2,3,66.66,0,0,0,0,0,oman,namibia,02-jun-24_tied
kaleemullah,1,-,-,-,-,-,-,-,-,-,-,-,-,oman,scotland,09-jun-24_scotland
kaleem sana,1,1,1,13,13*,-,14,92.85,0,0,0,0,1,canada,pakistan,11-jun-24_pakistan
kaleem sana,1,-,-,-,-,-,-,-,-,-,-,-,-,canada,ireland,07-jun-24_canada
kaleem sana,1,-,-,-,-,-,-,-,-,-,-,-,-,canada,u.s.a.,01-jun-24_u.s.a.
si kamea,1,1,0,2,2,2,3,66.66,0,0,0,0,0,p.n.g.,afghanistan,13-jun-24_afghanistan
si kamea,1,1,1,1,1*,-,1,100,0,0,0,0,0,p.n.g.,new zealand,17-jun-24_new zealand
karan kc,1,1,0,17,17,17,12,141.66,0,0,0,0,2,nepal,netherlands,04-jun-24_netherlands
karan kc,1,-,-,-,-,-,-,-,-,-,-,-,-,nepal,south africa,14-jun-24_south africa
j kariko,1,1,1,4,4*,-,7,57.14,0,0,0,1,0,p.n.g.,afghanistan,13-jun-24_afghanistan
j kariko,1,1,1,0,0*,-,2,0,0,0,0,0,0,p.n.g.,uganda,05-jun-24_uganda
j kariko,1,-,-,-,-,-,-,-,-,-,-,-,-,p.n.g.,west indies,02-jun-24_west indies
karim janat,1,1,0,13,13,13,9,144.44,0,0,0,0,1,afghanistan,australia,22-jun-24_afghanistan
karim janat,1,1,1,7,7*,-,6,116.66,0,0,0,1,0,afghanistan,bangladesh,24-jun-24_afghanistan
karim janat,1,1,1,1,1*,-,1,100,0,0,0,0,0,afghanistan,new zealand,07-jun-24_afghanistan
karim janat,1,1,0,8,8,8,13,61.53,0,0,0,1,0,afghanistan,south africa,26-jun-24_south africa
karim janat,1,1,0,14,14,14,9,155.55,0,0,0,0,1,afghanistan,west indies,17-jun-24_west indies
karim janat,1,-,-,-,-,-,-,-,-,-,-,-,-,afghanistan,p.n.g.,13-jun-24_afghanistan
karim janat,1,-,-,-,-,-,-,-,-,-,-,-,-,afghanistan,uganda,03-jun-24_afghanistan
khalid kail,1,1,0,8,8,8,12,66.66,0,0,0,1,0,oman,australia,05-jun-24_australia
khalid kail,1,1,0,1,1,1,3,33.33,0,0,0,0,0,oman,england,13-jun-24_england
khalid kail,1,1,0,34,34,34,39,87.17,0,0,0,1,1,oman,namibia,02-jun-24_tied
khalid kail,1,1,0,5,5,5,7,71.42,0,0,0,0,0,oman,scotland,09-jun-24_scotland
ba king,1,1,0,7,7,7,6,116.66,0,0,0,1,0,west indies,afghanistan,17-jun-24_west indies
ba king,1,1,1,23,23*,-,13,176.92,0,0,0,3,1,west indies,england,19-jun-24_england
ba king,1,1,0,9,9,9,12,75,0,0,0,0,1,west indies,new zealand,12-jun-24_west indies
ba king,1,1,0,34,34,34,29,117.24,0,0,0,7,0,west indies,p.n.g.,02-jun-24_west indies
ba king,1,1,0,13,13,13,8,162.5,0,0,0,2,0,west indies,uganda,08-jun-24_west indies
vivian kingma,1,1,1,1,1*,-,1,100,0,0,0,0,0,netherlands,sri lanka,16-jun-24_sri lanka
vivian kingma,1,-,-,-,-,-,-,-,-,-,-,-,-,netherlands,bangladesh,13-jun-24_bangladesh
vivian kingma,1,-,-,-,-,-,-,-,-,-,-,-,-,netherlands,nepal,04-jun-24_netherlands
vivian kingma,1,-,-,-,-,-,-,-,-,-,-,-,-,netherlands,south africa,08-jun-24_south africa
nicholas kirton,1,1,0,49,49,49,35,140,0,0,0,3,2,canada,ireland,07-jun-24_canada
nicholas kirton,1,1,0,1,1,1,6,16.66,0,0,0,0,0,canada,pakistan,11-jun-24_pakistan
nicholas kirton,1,1,0,51,51,51,31,164.51,0,1,0,3,2,canada,u.s.a.,01-jun-24_u.s.a.
h klaasen,1,1,0,46,46,46,44,104.54,0,0,0,2,3,south africa,bangladesh,10-jun-24_south africa
h klaasen,1,1,0,8,8,8,13,61.53,0,0,0,1,0,south africa,england,21-jun-24_south africa
h klaasen,1,1,0,52,52,52,27,192.59,0,1,0,2,5,south africa,india,29-jun-24_india
h klaasen,1,1,0,3,3,3,5,60,0,0,0,0,0,south africa,nepal,14-jun-24_south africa
h klaasen,1,1,0,4,4,4,7,57.14,0,0,0,0,0,south africa,netherlands,08-jun-24_south africa
h klaasen,1,1,1,19,19*,-,22,86.36,0,0,0,1,1,south africa,sri lanka,03-jun-24_south africa
h klaasen,1,1,1,36,36*,-,22,163.63,0,0,0,0,3,south africa,u.s.a.,19-jun-24_south africa
h klaasen,1,1,0,22,22,22,10,220,0,0,0,3,1,south africa,west indies,23-jun-24_south africa
h klaasen,1,-,-,-,-,-,-,-,-,-,-,-,-,south africa,afghanistan,26-jun-24_south africa
virat kohli,1,1,0,24,24,24,24,100,0,0,0,0,1,india,afghanistan,20-jun-24_india
virat kohli,1,1,0,0,0,0,5,0,0,0,1,0,0,india,australia,24-jun-24_india
virat kohli,1,1,0,37,37,37,28,132.14,0,0,0,1,3,india,bangladesh,22-jun-24_india
virat kohli,1,1,0,9,9,9,9,100,0,0,0,0,1,india,england,27-jun-24_india
virat kohli,1,1,0,1,1,1,5,20,0,0,0,0,0,india,ireland,05-jun-24_india
virat kohli,1,1,0,4,4,4,3,133.33,0,0,0,1,0,india,pakistan,09-jun-24_india
virat kohli,1,1,0,76,76,76,59,128.81,0,1,0,6,2,india,south africa,29-jun-24_india
virat kohli,1,1,0,0,0,0,1,0,0,0,1,0,0,india,u.s.a.,12-jun-24_india
jp kotze,1,1,0,0,0,0,3,0,0,0,1,0,0,namibia,scotland,06-jun-24_scotland
jp kotze,1,-,-,-,-,-,-,-,-,-,-,-,-,namibia,england,15-jun-24_england
malan kruger,1,1,1,1,1*,-,1,100,0,0,0,0,0,namibia,oman,02-jun-24_tied
malan kruger,1,1,0,2,2,2,8,25,0,0,0,0,0,namibia,scotland,06-jun-24_scotland
suryakumar yadav,1,-,-,-,-,-,-,-,-,-,-,-,-,india,afghanistan,20-jun-24_india
suryakumar yadav,1,-,-,-,-,-,-,-,-,-,-,-,-,india,australia,24-jun-24_india
suryakumar yadav,1,-,-,-,-,-,-,-,-,-,-,-,-,india,bangladesh,22-jun-24_india
suryakumar yadav,1,-,-,-,-,-,-,-,-,-,-,-,-,india,england,27-jun-24_india
suryakumar yadav,1,-,-,-,-,-,-,-,-,-,-,-,-,india,south africa,29-jun-24_india
nr kumar,1,1,0,30,30,30,24,125,0,0,0,1,2,u.s.a.,england,23-jun-24_england
nr kumar,1,1,0,27,27,27,23,117.39,0,0,0,2,1,u.s.a.,india,12-jun-24_india
nr kumar,1,1,1,14,14*,-,14,100,0,0,0,1,0,u.s.a.,pakistan,06-jun-24_tied
nr kumar,1,1,0,8,8,8,6,133.33,0,0,0,0,1,u.s.a.,south africa,19-jun-24_south africa
nr kumar,1,1,0,20,20,20,19,105.26,0,0,0,2,0,u.s.a.,west indies,21-jun-24_west indies
nr kumar,1,-,-,-,-,-,-,-,-,-,-,-,-,u.s.a.,canada,01-jun-24_u.s.a.
kushal malla,1,1,0,27,27,27,40,67.5,0,0,0,1,1,nepal,bangladesh,16-jun-24_bangladesh
kushal malla,1,1,0,9,9,9,9,100,0,0,0,1,0,nepal,netherlands,04-jun-24_netherlands
kushal malla,1,1,0,1,1,1,3,33.33,0,0,0,0,0,nepal,south africa,14-jun-24_south africa
c kyewuta,1,1,1,2,2*,-,2,100,0,0,0,0,0,uganda,afghanistan,03-jun-24_afghanistan
c kyewuta,1,1,0,1,1,1,6,16.66,0,0,0,0,0,uganda,new zealand,14-jun-24_new zealand
c kyewuta,1,1,0,1,1,1,6,16.66,0,0,0,0,0,uganda,west indies,08-jun-24_west indies
c kyewuta,1,-,-,-,-,-,-,-,-,-,-,-,-,uganda,p.n.g.,05-jun-24_uganda
sandeep lamichhane,1,1,1,0,0*,-,0,-,0,0,0,0,0,nepal,bangladesh,16-jun-24_bangladesh
sandeep lamichhane,1,-,-,-,-,-,-,-,-,-,-,-,-,nepal,south africa,14-jun-24_south africa
ma leask,1,1,0,5,5,5,8,62.5,0,0,0,0,0,scotland,australia,15-jun-24_australia
ma leask,1,1,0,35,35,35,17,205.88,0,0,0,0,4,scotland,namibia,06-jun-24_scotland
ma leask,1,-,-,-,-,-,-,-,-,-,-,-,-,scotland,england,04-jun-24_no result
ma leask,1,-,-,-,-,-,-,-,-,-,-,-,-,scotland,oman,09-jun-24_scotland
michael levitt,1,1,0,18,18,18,16,112.5,0,0,0,2,1,netherlands,bangladesh,13-jun-24_bangladesh
michael levitt,1,1,0,1,1,1,3,33.33,0,0,0,0,0,netherlands,nepal,04-jun-24_netherlands
michael levitt,1,1,0,0,0,0,3,0,0,0,1,0,0,netherlands,south africa,08-jun-24_south africa
michael levitt,1,1,0,31,31,31,23,134.78,0,0,0,2,3,netherlands,sri lanka,16-jun-24_sri lanka
josh little,1,1,0,14,14,14,13,107.69,0,0,0,2,0,ireland,india,05-jun-24_india
josh little,1,1,1,22,22*,-,18,122.22,0,0,0,2,1,ireland,pakistan,16-jun-24_pakistan
josh little,1,-,-,-,-,-,-,-,-,-,-,-,-,ireland,canada,07-jun-24_canada
litton das,1,1,1,54,54*,-,49,110.2,0,1,0,5,1,bangladesh,afghanistan,24-jun-24_afghanistan
litton das,1,1,0,16,16,16,25,64,0,0,0,2,0,bangladesh,australia,20-jun-24_australia
litton das,1,1,0,13,13,13,10,130,0,0,0,1,1,bangladesh,india,22-jun-24_india
litton das,1,1,0,10,10,10,12,83.33,0,0,0,1,0,bangladesh,nepal,16-jun-24_bangladesh
litton das,1,1,0,1,1,1,2,50,0,0,0,0,0,bangladesh,netherlands,13-jun-24_bangladesh
litton das,1,1,0,9,9,9,13,69.23,0,0,0,1,0,bangladesh,south africa,10-jun-24_south africa
litton das,1,1,0,36,36,36,38,94.73,0,0,0,2,1,bangladesh,sri lanka,07-jun-24_bangladesh
liam livingstone,1,1,0,15,15,15,12,125,0,0,0,0,1,england,australia,08-jun-24_australia
liam livingstone,1,1,0,11,11,11,16,68.75,0,0,0,0,0,england,india,27-jun-24_india
liam livingstone,1,1,0,13,13,13,4,325,0,0,0,0,2,england,namibia,15-jun-24_england
liam livingstone,1,1,0,33,33,33,17,194.11,0,0,0,3,2,england,south africa,21-jun-24_south africa
liam livingstone,1,-,-,-,-,-,-,-,-,-,-,-,-,england,oman,13-jun-24_england
liam livingstone,1,-,-,-,-,-,-,-,-,-,-,-,-,england,scotland,04-jun-24_no result
liam livingstone,1,-,-,-,-,-,-,-,-,-,-,-,-,england,u.s.a.,23-jun-24_england
liam livingstone,1,-,-,-,-,-,-,-,-,-,-,-,-,england,west indies,19-jun-24_england
tangeni lungameni,1,1,1,0,0*,-,0,-,0,0,0,0,0,namibia,scotland,06-jun-24_scotland
tangeni lungameni,1,-,-,-,-,-,-,-,-,-,-,-,-,namibia,oman,02-jun-24_tied
oc mccoy,1,-,-,-,-,-,-,-,-,-,-,-,-,west indies,afghanistan,17-jun-24_west indies
oc mccoy,1,-,-,-,-,-,-,-,-,-,-,-,-,west indies,south africa,23-jun-24_south africa
oc mccoy,1,-,-,-,-,-,-,-,-,-,-,-,-,west indies,u.s.a.,21-jun-24_west indies
ka maharaj,1,1,1,4,4*,-,8,50,0,0,0,0,0,south africa,bangladesh,10-jun-24_south africa
ka maharaj,1,1,1,5,5*,-,2,250,0,0,0,1,0,south africa,england,21-jun-24_south africa
ka maharaj,1,1,1,2,2*,-,7,28.57,0,0,0,0,0,south africa,india,29-jun-24_india
ka maharaj,1,1,1,0,0*,-,1,0,0,0,0,0,0,south africa,netherlands,08-jun-24_south africa
ka maharaj,1,1,0,2,2,2,6,33.33,0,0,0,0,0,south africa,west indies,23-jun-24_south africa
ka maharaj,1,-,-,-,-,-,-,-,-,-,-,-,-,south africa,afghanistan,26-jun-24_south africa
ka maharaj,1,-,-,-,-,-,-,-,-,-,-,-,-,south africa,sri lanka,03-jun-24_south africa
ka maharaj,1,-,-,-,-,-,-,-,-,-,-,-,-,south africa,u.s.a.,19-jun-24_south africa
tanzid hasan,1,1,0,0,0,0,1,0,0,0,1,0,0,bangladesh,australia,20-jun-24_australia
tanzid hasan,1,1,1,5,5*,-,4,125,0,0,0,1,0,bangladesh,india,22-jun-24_india
mahmudullah,1,1,0,6,6,6,9,66.66,0,0,0,1,0,bangladesh,afghanistan,24-jun-24_afghanistan
mahmudullah,1,1,0,2,2,2,3,66.66,0,0,0,0,0,bangladesh,australia,20-jun-24_australia
mahmudullah,1,1,0,13,13,13,15,86.66,0,0,0,1,0,bangladesh,india,22-jun-24_india
mahmudullah,1,1,0,13,13,13,13,100,0,0,0,2,0,bangladesh,nepal,16-jun-24_bangladesh
mahmudullah,1,1,0,25,25,25,21,119.04,0,0,0,2,2,bangladesh,netherlands,13-jun-24_bangladesh
mahmudullah,1,1,0,20,20,20,27,74.07,0,0,0,2,0,bangladesh,south africa,10-jun-24_south africa
mahmudullah,1,1,1,16,16*,-,13,123.07,0,0,0,0,1,bangladesh,sri lanka,07-jun-24_bangladesh
ak markram,1,1,1,23,23*,-,21,109.52,0,0,0,4,0,south africa,afghanistan,26-jun-24_south africa
ak markram,1,1,0,4,4,4,8,50,0,0,0,1,0,south africa,bangladesh,10-jun-24_south africa
ak markram,1,1,0,1,1,1,2,50,0,0,0,0,0,south africa,england,21-jun-24_south africa
ak markram,1,1,0,4,4,4,5,80,0,0,0,1,0,south africa,india,29-jun-24_india
ak markram,1,1,0,15,15,15,22,68.18,0,0,0,2,0,south africa,nepal,14-jun-24_south africa
ak markram,1,1,0,0,0,0,3,0,0,0,1,0,0,south africa,netherlands,08-jun-24_south africa
ak markram,1,1,0,12,12,12,14,85.71,0,0,0,0,1,south africa,sri lanka,03-jun-24_south africa
ak markram,1,1,0,46,46,46,32,143.75,0,0,0,4,1,south africa,u.s.a.,19-jun-24_south africa
ak markram,1,1,0,18,18,18,15,120,0,0,0,2,0,south africa,west indies,23-jun-24_south africa
mitchell marsh,1,1,0,12,12,12,9,133.33,0,0,0,2,0,australia,afghanistan,22-jun-24_afghanistan
mitchell marsh,1,1,0,1,1,1,6,16.66,0,0,0,0,0,australia,bangladesh,20-jun-24_australia
mitchell marsh,1,1,0,35,35,35,25,140,0,0,0,2,2,australia,england,08-jun-24_australia
mitchell marsh,1,1,0,37,37,37,28,132.14,0,0,0,3,2,australia,india,24-jun-24_india
mitchell marsh,1,1,1,18,18*,-,9,200,0,0,0,3,1,australia,namibia,11-jun-24_australia
mitchell marsh,1,1,0,14,14,14,21,66.66,0,0,0,2,0,australia,oman,05-jun-24_australia
mitchell marsh,1,1,0,8,8,8,9,88.88,0,0,0,1,0,australia,scotland,15-jun-24_australia
b masaba,1,1,0,0,0,0,1,0,0,0,1,0,0,uganda,afghanistan,03-jun-24_afghanistan
b masaba,1,1,1,3,3*,-,20,15,0,0,0,0,0,uganda,new zealand,14-jun-24_new zealand
b masaba,1,1,1,0,0*,-,1,0,0,0,0,0,0,uganda,p.n.g.,05-jun-24_uganda
b masaba,1,1,0,1,1,1,4,25,0,0,0,0,0,uganda,west indies,08-jun-24_west indies
ad mathews,1,1,0,16,16,16,19,84.21,0,0,0,1,0,sri lanka,bangladesh,07-jun-24_bangladesh
ad mathews,1,1,1,30,30*,-,15,200,0,0,0,1,2,sri lanka,netherlands,16-jun-24_sri lanka
ad mathews,1,1,0,16,16,16,16,100,0,0,0,0,2,sri lanka,south africa,03-jun-24_south africa
glenn maxwell,1,1,0,59,59,59,41,143.9,0,1,0,6,3,australia,afghanistan,22-jun-24_afghanistan
glenn maxwell,1,1,1,14,14*,-,6,233.33,0,0,0,1,1,australia,bangladesh,20-jun-24_australia
glenn maxwell,1,1,0,28,28,28,25,112,0,0,0,3,1,australia,england,08-jun-24_australia
glenn maxwell,1,1,0,20,20,20,12,166.66,0,0,0,2,1,australia,india,24-jun-24_india
glenn maxwell,1,1,0,0,0,0,1,0,0,0,1,0,0,australia,oman,05-jun-24_australia
glenn maxwell,1,1,0,11,11,11,8,137.5,0,0,0,0,1,australia,scotland,15-jun-24_australia
glenn maxwell,1,-,-,-,-,-,-,-,-,-,-,-,-,australia,namibia,11-jun-24_australia
kr mayers,1,1,0,35,35,35,34,102.94,0,0,0,3,2,west indies,south africa,23-jun-24_south africa
barry mccarthy,1,1,1,2,2*,-,3,66.66,0,0,0,0,0,ireland,canada,07-jun-24_canada
barry mccarthy,1,1,0,0,0,0,6,0,0,0,1,0,0,ireland,india,05-jun-24_india
barry mccarthy,1,1,0,2,2,2,7,28.57,0,0,0,0,0,ireland,pakistan,16-jun-24_pakistan
b mcmullen,1,1,0,60,60,60,34,176.47,0,1,0,2,6,scotland,australia,15-jun-24_australia
b mcmullen,1,1,0,19,19,19,17,111.76,0,0,0,2,0,scotland,namibia,06-jun-24_scotland
b mcmullen,1,1,1,61,61*,-,31,196.77,0,1,0,9,2,scotland,oman,09-jun-24_scotland
b mcmullen,1,-,-,-,-,-,-,-,-,-,-,-,-,scotland,england,04-jun-24_no result
shoaib khan,1,1,0,27,27,27,16,168.75,0,0,0,1,2,oman,australia,05-jun-24_australia
shoaib khan,1,1,0,0,0,0,2,0,0,0,1,0,0,oman,england,13-jun-24_england
shoaib khan,1,1,0,7,7,7,8,87.5,0,0,0,1,0,oman,namibia,02-jun-24_tied
shoaib khan,1,1,0,13,13,13,10,130,0,0,0,2,0,oman,scotland,09-jun-24_scotland
bkg mendis,1,1,0,10,10,10,8,125,0,0,0,2,0,sri lanka,bangladesh,07-jun-24_bangladesh
bkg mendis,1,1,0,46,46,46,29,158.62,0,0,0,5,0,sri lanka,netherlands,16-jun-24_sri lanka
bkg mendis,1,1,0,19,19,19,30,63.33,0,0,0,1,0,sri lanka,south africa,03-jun-24_south africa
phkd mendis,1,1,0,4,4,4,5,80,0,0,0,1,0,sri lanka,bangladesh,07-jun-24_bangladesh
phkd mendis,1,1,0,17,17,17,20,85,0,0,0,1,1,sri lanka,netherlands,16-jun-24_sri lanka
phkd mendis,1,1,0,11,11,11,15,73.33,0,0,0,1,0,sri lanka,south africa,03-jun-24_south africa
milind kumar,1,1,0,4,4,4,6,66.66,0,0,0,0,0,u.s.a.,england,23-jun-24_england
milind kumar,1,1,0,19,19,19,21,90.47,0,0,0,1,0,u.s.a.,west indies,21-jun-24_west indies
da miller,1,1,0,29,29,29,38,76.31,0,0,0,1,1,south africa,bangladesh,10-jun-24_south africa
da miller,1,1,0,43,43,43,28,153.57,0,0,0,4,2,south africa,england,21-jun-24_south africa
da miller,1,1,0,21,21,21,17,123.52,0,0,0,1,1,south africa,india,29-jun-24_india
da miller,1,1,0,7,7,7,10,70,0,0,0,0,0,south africa,nepal,14-jun-24_south africa
da miller,1,1,1,59,59*,-,51,115.68,0,1,0,3,4,south africa,netherlands,08-jun-24_south africa
da miller,1,1,1,6,6*,-,6,100,0,0,0,1,0,south africa,sri lanka,03-jun-24_south africa
da miller,1,1,0,0,0,0,1,0,0,0,1,0,0,south africa,u.s.a.,19-jun-24_south africa
da miller,1,1,0,4,4,4,14,28.57,0,0,0,0,0,south africa,west indies,23-jun-24_south africa
da miller,1,-,-,-,-,-,-,-,-,-,-,-,-,south africa,afghanistan,26-jun-24_south africa
daryl mitchell,1,1,0,5,5,5,5,100,0,0,0,1,0,new zealand,afghanistan,07-jun-24_afghanistan
daryl mitchell,1,1,1,19,19*,-,12,158.33,0,0,0,3,0,new zealand,p.n.g.,17-jun-24_new zealand
daryl mitchell,1,1,0,12,12,12,13,92.3,0,0,0,1,0,new zealand,west indies,12-jun-24_west indies
daryl mitchell,1,-,-,-,-,-,-,-,-,-,-,-,-,new zealand,uganda,14-jun-24_new zealand
j miyagi,1,1,0,0,0,0,1,0,0,0,1,0,0,uganda,new zealand,14-jun-24_new zealand
j miyagi,1,1,0,13,13,13,16,81.25,0,0,0,0,0,uganda,p.n.g.,05-jun-24_uganda
j miyagi,1,1,1,13,13*,-,20,65,0,0,0,0,0,uganda,west indies,08-jun-24_west indies
mohammad amir,1,-,-,-,-,-,-,-,-,-,-,-,-,pakistan,canada,11-jun-24_pakistan
mohammad amir,1,-,-,-,-,-,-,-,-,-,-,-,-,pakistan,india,09-jun-24_india
mohammad amir,1,-,-,-,-,-,-,-,-,-,-,-,-,pakistan,ireland,16-jun-24_pakistan
mohammad amir,1,-,-,-,-,-,-,-,-,-,-,-,-,pakistan,u.s.a.,06-jun-24_tied
mohammad nabi,1,1,1,10,10*,-,4,250,0,0,0,2,0,afghanistan,australia,22-jun-24_afghanistan
mohammad nabi,1,1,0,1,1,1,5,20,0,0,0,0,0,afghanistan,bangladesh,24-jun-24_afghanistan
mohammad nabi,1,1,0,14,14,14,14,100,0,0,0,0,1,afghanistan,india,20-jun-24_india
mohammad nabi,1,1,0,0,0,0,1,0,0,0,1,0,0,afghanistan,new zealand,07-jun-24_afghanistan
mohammad nabi,1,1,1,16,16*,-,23,69.56,0,0,0,1,0,afghanistan,p.n.g.,13-jun-24_afghanistan
mohammad nabi,1,1,0,0,0,0,3,0,0,0,1,0,0,afghanistan,south africa,26-jun-24_south africa
mohammad nabi,1,1,1,14,14*,-,16,87.5,0,0,0,0,0,afghanistan,uganda,03-jun-24_afghanistan
mohammad nabi,1,1,0,1,1,1,4,25,0,0,0,0,0,afghanistan,west indies,17-jun-24_west indies
mohammad nadeem,1,1,0,6,6,6,10,60,0,0,0,0,0,oman,namibia,02-jun-24_tied
mohammad rizwan,1,1,1,53,53*,-,53,100,0,1,0,2,1,pakistan,canada,11-jun-24_pakistan
mohammad rizwan,1,1,0,31,31,31,44,70.45,0,0,0,1,1,pakistan,india,09-jun-24_india
mohammad rizwan,1,1,0,17,17,17,16,106.25,0,0,0,2,0,pakistan,ireland,16-jun-24_pakistan
mohammad rizwan,1,1,0,9,9,9,8,112.5,0,0,0,0,1,pakistan,u.s.a.,06-jun-24_tied
mohammed siraj,1,1,1,7,7*,-,7,100,0,0,0,0,0,india,pakistan,09-jun-24_india
mohammed siraj,1,-,-,-,-,-,-,-,-,-,-,-,-,india,ireland,05-jun-24_india
mohammed siraj,1,-,-,-,-,-,-,-,-,-,-,-,-,india,u.s.a.,12-jun-24_india
kv morea,1,1,0,0,0,0,3,0,0,0,1,0,0,p.n.g.,new zealand,17-jun-24_new zealand
kv morea,1,1,1,2,2*,-,2,100,0,0,0,0,0,p.n.g.,west indies,02-jun-24_west indies
g motie,1,1,1,0,0*,-,1,0,0,0,0,0,0,west indies,new zealand,12-jun-24_west indies
g motie,1,1,1,4,4*,-,7,57.14,0,0,0,1,0,west indies,south africa,23-jun-24_south africa
g motie,1,-,-,-,-,-,-,-,-,-,-,-,-,west indies,afghanistan,17-jun-24_west indies
g motie,1,-,-,-,-,-,-,-,-,-,-,-,-,west indies,england,19-jun-24_england
g motie,1,-,-,-,-,-,-,-,-,-,-,-,-,west indies,p.n.g.,02-jun-24_west indies
g motie,1,-,-,-,-,-,-,-,-,-,-,-,-,west indies,uganda,08-jun-24_west indies
g motie,1,-,-,-,-,-,-,-,-,-,-,-,-,west indies,u.s.a.,21-jun-24_west indies
shreyas movva,1,1,0,37,37,37,36,102.77,0,0,0,3,0,canada,ireland,07-jun-24_canada
shreyas movva,1,1,0,2,2,2,9,22.22,0,0,0,0,0,canada,pakistan,11-jun-24_pakistan
shreyas movva,1,1,1,32,32*,-,16,200,0,0,0,2,2,canada,u.s.a.,01-jun-24_u.s.a.
mustafizur rahman,1,-,-,-,-,-,-,-,-,-,-,-,-,afghanistan,uganda,03-jun-24_afghanistan
rg mukasa,1,1,0,0,0,0,1,0,0,0,1,0,0,uganda,afghanistan,03-jun-24_afghanistan
rg mukasa,1,1,0,0,0,0,3,0,0,0,1,0,0,uganda,p.n.g.,05-jun-24_uganda
rg mukasa,1,1,0,0,0,0,2,0,0,0,1,0,0,uganda,west indies,08-jun-24_west indies
hg munsey,1,1,0,35,35,35,23,152.17,0,0,0,2,3,scotland,australia,15-jun-24_australia
hg munsey,1,1,1,41,41*,-,31,132.25,0,0,0,4,2,scotland,england,04-jun-24_no result
hg munsey,1,1,0,7,7,7,15,46.66,0,0,0,0,0,scotland,namibia,06-jun-24_scotland
hg munsey,1,1,0,41,41,41,20,205,0,0,0,2,4,scotland,oman,09-jun-24_scotland
mustafizur rahman,1,1,0,0,0,0,1,0,0,0,1,0,0,bangladesh,afghanistan,24-jun-24_afghanistan
mustafizur rahman,1,1,0,3,3,3,4,75,0,0,0,0,0,bangladesh,nepal,16-jun-24_bangladesh
mustafizur rahman,1,-,-,-,-,-,-,-,-,-,-,-,-,bangladesh,australia,20-jun-24_australia
mustafizur rahman,1,-,-,-,-,-,-,-,-,-,-,-,-,bangladesh,india,22-jun-24_india
mustafizur rahman,1,-,-,-,-,-,-,-,-,-,-,-,-,bangladesh,netherlands,13-jun-24_bangladesh
mustafizur rahman,1,-,-,-,-,-,-,-,-,-,-,-,-,bangladesh,south africa,10-jun-24_south africa
mustafizur rahman,1,-,-,-,-,-,-,-,-,-,-,-,-,bangladesh,sri lanka,07-jun-24_bangladesh
najibullah zadran,1,1,0,19,19,19,17,111.76,0,0,0,0,2,afghanistan,india,20-jun-24_india
najibullah zadran,1,1,1,1,1*,-,1,100,0,0,0,0,0,afghanistan,new zealand,07-jun-24_afghanistan
najibullah zadran,1,1,0,2,2,2,3,66.66,0,0,0,0,0,afghanistan,uganda,03-jun-24_afghanistan
najibullah zadran,1,1,0,0,0,0,2,0,0,0,1,0,0,afghanistan,west indies,17-jun-24_west indies
najibullah zadran,1,-,-,-,-,-,-,-,-,-,-,-,-,afghanistan,p.n.g.,13-jun-24_afghanistan
dm nakrani,1,1,0,6,6,6,8,75,0,0,0,1,0,uganda,afghanistan,03-jun-24_afghanistan
dm nakrani,1,1,0,4,4,4,13,30.76,0,0,0,0,0,uganda,new zealand,14-jun-24_new zealand
dm nakrani,1,1,0,0,0,0,3,0,0,0,1,0,0,uganda,p.n.g.,05-jun-24_uganda
dm nakrani,1,1,0,0,0,0,2,0,0,0,1,0,0,uganda,west indies,08-jun-24_west indies
nangeyalia kharote,1,1,1,1,1*,-,1,100,0,0,0,0,0,afghanistan,australia,22-jun-24_afghanistan
nangeyalia kharote,1,1,0,2,2,2,7,28.57,0,0,0,0,0,afghanistan,south africa,26-jun-24_south africa
nangeyalia kharote,1,-,-,-,-,-,-,-,-,-,-,-,-,afghanistan,bangladesh,24-jun-24_afghanistan
a nao,1,1,0,13,13,13,19,68.42,0,0,0,2,0,p.n.g.,afghanistan,13-jun-24_afghanistan
a nao,1,1,0,3,3,3,7,42.85,0,0,0,0,0,p.n.g.,new zealand,17-jun-24_new zealand
a nao,1,1,0,5,5,5,6,83.33,0,0,0,0,0,p.n.g.,uganda,05-jun-24_uganda
a nao,1,1,0,0,0,0,0,-,0,0,1,0,0,p.n.g.,west indies,02-jun-24_west indies
naseem khushi,1,1,0,6,6,6,6,100,0,0,0,1,0,oman,namibia,02-jun-24_tied
naseem khushi,1,1,0,10,10,10,9,111.11,0,0,0,0,1,oman,scotland,09-jun-24_scotland
naseem shah,1,1,1,10,10*,-,4,250,0,0,0,2,0,pakistan,india,09-jun-24_india
naseem shah,1,-,-,-,-,-,-,-,-,-,-,-,-,pakistan,canada,11-jun-24_pakistan
naseem shah,1,-,-,-,-,-,-,-,-,-,-,-,-,pakistan,u.s.a.,06-jun-24_tied
naveen-ul-haq,1,1,0,0,0,0,1,0,0,0,1,0,0,afghanistan,india,20-jun-24_india
naveen-ul-haq,1,1,0,2,2,2,8,25,0,0,0,0,0,afghanistan,south africa,26-jun-24_south africa
naveen-ul-haq,1,1,0,4,4,4,6,66.66,0,0,0,1,0,afghanistan,west indies,17-jun-24_west indies
naveen-ul-haq,1,-,-,-,-,-,-,-,-,-,-,-,-,afghanistan,australia,22-jun-24_afghanistan
naveen-ul-haq,1,-,-,-,-,-,-,-,-,-,-,-,-,afghanistan,bangladesh,24-jun-24_afghanistan
naveen-ul-haq,1,-,-,-,-,-,-,-,-,-,-,-,-,afghanistan,new zealand,07-jun-24_afghanistan
naveen-ul-haq,1,-,-,-,-,-,-,-,-,-,-,-,-,afghanistan,p.n.g.,13-jun-24_afghanistan
naveen-ul-haq,1,-,-,-,-,-,-,-,-,-,-,-,-,afghanistan,uganda,03-jun-24_afghanistan
najmul hossain shanto,1,1,0,5,5,5,5,100,0,0,0,1,0,bangladesh,afghanistan,24-jun-24_afghanistan
najmul hossain shanto,1,1,0,41,41,41,36,113.88,0,0,0,5,1,bangladesh,australia,20-jun-24_australia
najmul hossain shanto,1,1,0,40,40,40,32,125,0,0,0,1,3,bangladesh,india,22-jun-24_india
najmul hossain shanto,1,1,0,4,4,4,5,80,0,0,0,0,0,bangladesh,nepal,16-jun-24_bangladesh
najmul hossain shanto,1,1,0,1,1,1,3,33.33,0,0,0,0,0,bangladesh,netherlands,13-jun-24_bangladesh
najmul hossain shanto,1,1,0,14,14,14,23,60.86,0,0,0,0,1,bangladesh,south africa,10-jun-24_south africa
najmul hossain shanto,1,1,0,7,7,7,13,53.84,0,0,0,0,0,bangladesh,sri lanka,07-jun-24_bangladesh
jds neesham,1,1,0,10,10,10,11,90.9,0,0,0,0,1,new zealand,west indies,12-jun-24_west indies
jds neesham,1,-,-,-,-,-,-,-,-,-,-,-,-,new zealand,uganda,14-jun-24_new zealand
sn netravalkar,1,1,0,0,0,0,1,0,0,0,1,0,0,u.s.a.,england,23-jun-24_england
sn netravalkar,1,1,0,0,0,0,4,0,0,0,1,0,0,u.s.a.,west indies,21-jun-24_west indies
sn netravalkar,1,-,-,-,-,-,-,-,-,-,-,-,-,u.s.a.,canada,01-jun-24_u.s.a.
sn netravalkar,1,-,-,-,-,-,-,-,-,-,-,-,-,u.s.a.,india,12-jun-24_india
sn netravalkar,1,-,-,-,-,-,-,-,-,-,-,-,-,u.s.a.,pakistan,06-jun-24_tied
sn netravalkar,1,-,-,-,-,-,-,-,-,-,-,-,-,u.s.a.,south africa,19-jun-24_south africa
teja nidamanuru,1,1,0,0,0,0,1,0,0,0,1,0,0,netherlands,south africa,08-jun-24_south africa
teja nidamanuru,1,-,-,-,-,-,-,-,-,-,-,-,-,netherlands,nepal,04-jun-24_netherlands
p nissanka,1,1,0,47,47,47,28,167.85,0,0,0,7,1,sri lanka,bangladesh,07-jun-24_bangladesh
p nissanka,1,1,0,0,0,0,2,0,0,0,1,0,0,sri lanka,netherlands,16-jun-24_sri lanka
p nissanka,1,1,0,3,3,3,8,37.5,0,0,0,0,0,sri lanka,south africa,03-jun-24_south africa
noor ahmad,1,1,0,12,12,12,18,66.66,0,0,0,1,1,afghanistan,india,20-jun-24_india
noor ahmad,1,1,0,0,0,0,2,0,0,0,1,0,0,afghanistan,south africa,26-jun-24_south africa
noor ahmad,1,1,0,2,2,2,4,50,0,0,0,0,0,afghanistan,west indies,17-jun-24_west indies
noor ahmad,1,-,-,-,-,-,-,-,-,-,-,-,-,afghanistan,australia,22-jun-24_afghanistan
noor ahmad,1,-,-,-,-,-,-,-,-,-,-,-,-,afghanistan,bangladesh,24-jun-24_afghanistan
noor ahmad,1,-,-,-,-,-,-,-,-,-,-,-,-,afghanistan,new zealand,07-jun-24_afghanistan
noor ahmad,1,-,-,-,-,-,-,-,-,-,-,-,-,afghanistan,p.n.g.,13-jun-24_afghanistan
a nortje,1,1,1,1,1*,-,1,100,0,0,0,0,0,south africa,india,29-jun-24_india
a nortje,1,-,-,-,-,-,-,-,-,-,-,-,-,south africa,afghanistan,26-jun-24_south africa
a nortje,1,-,-,-,-,-,-,-,-,-,-,-,-,south africa,bangladesh,10-jun-24_south africa
a nortje,1,-,-,-,-,-,-,-,-,-,-,-,-,south africa,england,21-jun-24_south africa
a nortje,1,-,-,-,-,-,-,-,-,-,-,-,-,south africa,nepal,14-jun-24_south africa
a nortje,1,-,-,-,-,-,-,-,-,-,-,-,-,south africa,netherlands,08-jun-24_south africa
a nortje,1,-,-,-,-,-,-,-,-,-,-,-,-,south africa,sri lanka,03-jun-24_south africa
a nortje,1,-,-,-,-,-,-,-,-,-,-,-,-,south africa,u.s.a.,19-jun-24_south africa
a nortje,1,-,-,-,-,-,-,-,-,-,-,-,-,south africa,west indies,23-jun-24_south africa
f nsubuga,1,1,0,0,0,0,3,0,0,0,1,0,0,uganda,west indies,08-jun-24_west indies
f nsubuga,1,-,-,-,-,-,-,-,-,-,-,-,-,uganda,p.n.g.,05-jun-24_uganda
r obuya,1,1,0,14,14,14,25,56,0,0,0,0,1,uganda,afghanistan,03-jun-24_afghanistan
r obuya,1,1,0,0,0,0,1,0,0,0,1,0,0,uganda,new zealand,14-jun-24_new zealand
r obuya,1,1,0,1,1,1,2,50,0,0,0,0,0,uganda,p.n.g.,05-jun-24_uganda
r obuya,1,1,0,6,6,6,8,75,0,0,0,1,0,uganda,west indies,08-jun-24_west indies
max o'dowd,1,1,0,12,12,12,16,75,0,0,0,3,0,netherlands,bangladesh,13-jun-24_bangladesh
max o'dowd,1,1,1,54,54*,-,48,112.5,0,1,0,4,1,netherlands,nepal,04-jun-24_netherlands
max o'dowd,1,1,0,2,2,2,6,33.33,0,0,0,0,0,netherlands,south africa,08-jun-24_south africa
max o'dowd,1,1,0,11,11,11,8,137.5,0,0,0,0,1,netherlands,sri lanka,16-jun-24_sri lanka
hh pandya,1,1,0,32,32,32,24,133.33,0,0,0,3,2,india,afghanistan,20-jun-24_india
hh pandya,1,1,1,27,27*,-,17,158.82,0,0,0,1,2,india,australia,24-jun-24_india
hh pandya,1,1,1,50,50*,-,27,185.18,0,1,0,4,3,india,bangladesh,22-jun-24_india
hh pandya,1,1,0,23,23,23,13,176.92,0,0,0,1,2,india,england,27-jun-24_india
hh pandya,1,1,0,7,7,7,12,58.33,0,0,0,1,0,india,pakistan,09-jun-24_india
hh pandya,1,1,1,5,5*,-,2,250,0,0,0,1,0,india,south africa,29-jun-24_india
hh pandya,1,-,-,-,-,-,-,-,-,-,-,-,-,india,ireland,05-jun-24_india
hh pandya,1,-,-,-,-,-,-,-,-,-,-,-,-,india,u.s.a.,12-jun-24_india
rr pant,1,1,0,20,20,20,11,181.81,0,0,0,4,0,india,afghanistan,20-jun-24_india
rr pant,1,1,0,15,15,15,14,107.14,0,0,0,1,1,india,australia,24-jun-24_india
rr pant,1,1,0,36,36,36,24,150,0,0,0,4,2,india,bangladesh,22-jun-24_india
rr pant,1,1,0,4,4,4,6,66.66,0,0,0,0,0,india,england,27-jun-24_india
rr pant,1,1,1,36,36*,-,26,138.46,0,0,0,3,2,india,ireland,05-jun-24_india
rr pant,1,1,0,42,42,42,31,135.48,0,0,0,6,0,india,pakistan,09-jun-24_india
rr pant,1,1,0,0,0,0,2,0,0,0,1,0,0,india,south africa,29-jun-24_india
rr pant,1,1,0,18,18,18,20,90,0,0,0,1,1,india,u.s.a.,12-jun-24_india
vikramjit singh,1,1,0,18,18,18,14,128.57,0,0,0,2,0,canada,ireland,07-jun-24_canada
vikramjit singh,1,1,0,2,2,2,6,33.33,0,0,0,0,0,canada,pakistan,11-jun-24_pakistan
vikramjit singh,1,1,0,5,5,5,7,71.42,0,0,0,0,0,canada,u.s.a.,01-jun-24_u.s.a.
axar patel,1,1,0,12,12,12,6,200,0,0,0,2,0,india,afghanistan,20-jun-24_india
axar patel,1,1,1,3,3*,-,5,60,0,0,0,0,0,india,bangladesh,22-jun-24_india
axar patel,1,1,0,10,10,10,6,166.66,0,0,0,0,1,india,england,27-jun-24_india
axar patel,1,1,0,20,20,20,18,111.11,0,0,0,2,1,india,pakistan,09-jun-24_india
axar patel,1,1,0,47,47,47,31,151.61,0,0,0,1,4,india,south africa,29-jun-24_india
axar patel,1,-,-,-,-,-,-,-,-,-,-,-,-,india,australia,24-jun-24_india
axar patel,1,-,-,-,-,-,-,-,-,-,-,-,-,india,ireland,05-jun-24_india
axar patel,1,-,-,-,-,-,-,-,-,-,-,-,-,india,u.s.a.,12-jun-24_india
axar patel,1,1,0,16,16,16,16,100,0,0,0,2,0,u.s.a.,canada,01-jun-24_u.s.a.
axar patel,1,1,0,50,50,50,38,131.57,0,1,0,7,1,u.s.a.,pakistan,06-jun-24_tied
axar patel,1,1,0,4,4,4,2,200,0,0,0,1,0,uganda,afghanistan,03-jun-24_afghanistan
axar patel,1,1,0,2,2,2,20,10,0,0,0,0,0,uganda,new zealand,14-jun-24_new zealand
m pathirana,1,1,1,0,0*,-,1,0,0,0,0,0,0,sri lanka,bangladesh,07-jun-24_bangladesh
m pathirana,1,1,0,0,0,0,4,0,0,0,1,0,0,sri lanka,south africa,03-jun-24_south africa
m pathirana,1,-,-,-,-,-,-,-,-,-,-,-,-,sri lanka,netherlands,16-jun-24_sri lanka
rohit paudel,1,1,0,1,1,1,6,16.66,0,0,0,0,0,nepal,bangladesh,16-jun-24_bangladesh
rohit paudel,1,1,0,35,35,35,37,94.59,0,0,0,5,0,nepal,netherlands,04-jun-24_netherlands
rohit paudel,1,1,0,0,0,0,2,0,0,0,1,0,0,nepal,south africa,14-jun-24_south africa
glenn phillips,1,1,0,18,18,18,18,100,0,0,0,2,0,new zealand,afghanistan,07-jun-24_afghanistan
glenn phillips,1,1,0,40,40,40,33,121.21,0,0,0,3,2,new zealand,west indies,12-jun-24_west indies
glenn phillips,1,-,-,-,-,-,-,-,-,-,-,-,-,new zealand,p.n.g.,17-jun-24_new zealand
glenn phillips,1,-,-,-,-,-,-,-,-,-,-,-,-,new zealand,uganda,14-jun-24_new zealand
n pooran,1,1,0,98,98,98,53,184.9,0,1,0,6,8,west indies,afghanistan,17-jun-24_west indies
n pooran,1,1,0,36,36,36,32,112.5,0,0,0,4,1,west indies,england,19-jun-24_england
n pooran,1,1,0,17,17,17,12,141.66,0,0,0,3,0,west indies,new zealand,12-jun-24_west indies
n pooran,1,1,0,27,27,27,27,100,0,0,0,1,2,west indies,p.n.g.,02-jun-24_west indies
n pooran,1,1,0,1,1,1,3,33.33,0,0,0,0,0,west indies,south africa,23-jun-24_south africa
n pooran,1,1,0,22,22,22,17,129.41,0,0,0,0,3,west indies,uganda,08-jun-24_west indies
n pooran,1,1,1,27,27*,-,12,225,0,0,0,1,3,west indies,u.s.a.,21-jun-24_west indies
r powell,1,1,0,26,26,26,15,173.33,0,0,0,1,2,west indies,afghanistan,17-jun-24_west indies
r powell,1,1,0,36,36,36,17,211.76,0,0,0,0,5,west indies,england,19-jun-24_england
r powell,1,1,0,1,1,1,5,20,0,0,0,0,0,west indies,new zealand,12-jun-24_west indies
r powell,1,1,0,15,15,15,14,107.14,0,0,0,2,0,west indies,p.n.g.,02-jun-24_west indies
r powell,1,1,0,1,1,1,2,50,0,0,0,0,0,west indies,south africa,23-jun-24_south africa
r powell,1,1,0,23,23,23,18,127.77,0,0,0,1,1,west indies,uganda,08-jun-24_west indies
r powell,1,-,-,-,-,-,-,-,-,-,-,-,-,west indies,u.s.a.,21-jun-24_west indies
kashyap prajapati,1,1,0,7,7,7,16,43.75,0,0,0,1,0,oman,australia,05-jun-24_australia
kashyap prajapati,1,1,0,9,9,9,16,56.25,0,0,0,0,1,oman,england,13-jun-24_england
kashyap prajapati,1,1,0,0,0,0,1,0,0,0,1,0,0,oman,namibia,02-jun-24_tied
tim pringle,1,1,0,1,1,1,10,10,0,0,0,0,0,netherlands,bangladesh,13-jun-24_bangladesh
tim pringle,1,1,0,0,0,0,2,0,0,0,1,0,0,netherlands,south africa,08-jun-24_south africa
tim pringle,1,1,0,2,2,2,4,50,0,0,0,0,0,netherlands,sri lanka,16-jun-24_sri lanka
tim pringle,1,-,-,-,-,-,-,-,-,-,-,-,-,netherlands,nepal,04-jun-24_netherlands
k rabada,1,1,0,4,4,4,3,133.33,0,0,0,1,0,south africa,india,29-jun-24_india
k rabada,1,1,0,0,0,0,1,0,0,0,1,0,0,south africa,nepal,14-jun-24_south africa
k rabada,1,1,1,5,5*,-,3,166.66,0,0,0,1,0,south africa,west indies,23-jun-24_south africa
k rabada,1,-,-,-,-,-,-,-,-,-,-,-,-,south africa,afghanistan,26-jun-24_south africa
k rabada,1,-,-,-,-,-,-,-,-,-,-,-,-,south africa,bangladesh,10-jun-24_south africa
k rabada,1,-,-,-,-,-,-,-,-,-,-,-,-,south africa,england,21-jun-24_south africa
k rabada,1,-,-,-,-,-,-,-,-,-,-,-,-,south africa,netherlands,08-jun-24_south africa
k rabada,1,-,-,-,-,-,-,-,-,-,-,-,-,south africa,sri lanka,03-jun-24_south africa
k rabada,1,-,-,-,-,-,-,-,-,-,-,-,-,south africa,u.s.a.,19-jun-24_south africa
rafiullah,1,1,0,0,0,0,3,0,0,0,1,0,0,oman,scotland,09-jun-24_scotland
rahmanullah gurbaz,1,1,0,60,60,60,49,122.44,0,1,0,4,4,afghanistan,australia,22-jun-24_afghanistan
rahmanullah gurbaz,1,1,0,43,43,43,55,78.18,0,0,0,3,1,afghanistan,bangladesh,24-jun-24_afghanistan
rahmanullah gurbaz,1,1,0,11,11,11,8,137.5,0,0,0,1,1,afghanistan,india,20-jun-24_india
rahmanullah gurbaz,1,1,0,80,80,80,56,142.85,0,1,0,5,5,afghanistan,new zealand,07-jun-24_afghanistan
rahmanullah gurbaz,1,1,0,11,11,11,7,157.14,0,0,0,1,1,afghanistan,p.n.g.,13-jun-24_afghanistan
rahmanullah gurbaz,1,1,0,0,0,0,3,0,0,0,1,0,0,afghanistan,south africa,26-jun-24_south africa
rahmanullah gurbaz,1,1,0,76,76,76,45,168.88,0,1,0,4,4,afghanistan,uganda,03-jun-24_afghanistan
rahmanullah gurbaz,1,1,0,0,0,0,3,0,0,0,1,0,0,afghanistan,west indies,17-jun-24_west indies
ar ramjani,1,1,0,0,0,0,2,0,0,0,1,0,0,uganda,afghanistan,03-jun-24_afghanistan
ar ramjani,1,1,0,0,0,0,6,0,0,0,1,0,0,uganda,new zealand,14-jun-24_new zealand
ar ramjani,1,1,0,8,8,8,10,80,0,0,0,1,0,uganda,p.n.g.,05-jun-24_uganda
ar ramjani,1,1,0,5,5,5,6,83.33,0,0,0,1,0,uganda,west indies,08-jun-24_west indies
adil rashid,1,1,0,2,2,2,2,100,0,0,0,0,0,england,india,27-jun-24_india
adil rashid,1,-,-,-,-,-,-,-,-,-,-,-,-,england,australia,08-jun-24_australia
adil rashid,1,-,-,-,-,-,-,-,-,-,-,-,-,england,namibia,15-jun-24_england
adil rashid,1,-,-,-,-,-,-,-,-,-,-,-,-,england,oman,13-jun-24_england
adil rashid,1,-,-,-,-,-,-,-,-,-,-,-,-,england,scotland,04-jun-24_no result
adil rashid,1,-,-,-,-,-,-,-,-,-,-,-,-,england,south africa,21-jun-24_south africa
adil rashid,1,-,-,-,-,-,-,-,-,-,-,-,-,england,u.s.a.,23-jun-24_england
adil rashid,1,-,-,-,-,-,-,-,-,-,-,-,-,england,west indies,19-jun-24_england
shoaib khan,1,1,0,2,2,2,5,40,0,0,0,0,0,afghanistan,australia,22-jun-24_afghanistan
shoaib khan,1,1,1,19,19*,-,10,190,0,0,0,0,3,afghanistan,bangladesh,24-jun-24_afghanistan
shoaib khan,1,1,0,2,2,2,6,33.33,0,0,0,0,0,afghanistan,india,20-jun-24_india
shoaib khan,1,1,0,6,6,6,5,120,0,0,0,1,0,afghanistan,new zealand,07-jun-24_afghanistan
shoaib khan,1,1,0,8,8,8,8,100,0,0,0,2,0,afghanistan,south africa,26-jun-24_south africa
shoaib khan,1,1,1,2,2*,-,1,200,0,0,0,0,0,afghanistan,uganda,03-jun-24_afghanistan
shoaib khan,1,1,0,18,18,18,11,163.63,0,0,0,2,1,afghanistan,west indies,17-jun-24_west indies
shoaib khan,1,-,-,-,-,-,-,-,-,-,-,-,-,afghanistan,p.n.g.,13-jun-24_afghanistan
vikramjit singh,1,1,0,0,0,0,2,0,0,0,1,0,0,canada,pakistan,11-jun-24_pakistan
rachin ravindra,1,1,0,6,6,6,11,54.54,0,0,0,0,0,new zealand,p.n.g.,17-jun-24_new zealand
rachin ravindra,1,1,1,1,1*,-,1,100,0,0,0,0,0,new zealand,uganda,14-jun-24_new zealand
rachin ravindra,1,1,0,10,10,10,13,76.92,0,0,0,0,0,new zealand,west indies,12-jun-24_west indies
riazat ali shah,1,1,0,11,11,11,34,32.35,0,0,0,0,0,uganda,afghanistan,03-jun-24_afghanistan
riazat ali shah,1,1,0,2,2,2,13,15.38,0,0,0,0,0,uganda,new zealand,14-jun-24_new zealand
riazat ali shah,1,1,0,33,33,33,56,58.92,0,0,0,1,0,uganda,p.n.g.,05-jun-24_uganda
riazat ali shah,1,1,0,3,3,3,8,37.5,0,0,0,0,0,uganda,west indies,08-jun-24_west indies
rishad hossain,1,1,0,0,0,0,1,0,0,0,1,0,0,bangladesh,afghanistan,24-jun-24_afghanistan
rishad hossain,1,1,0,2,2,2,4,50,0,0,0,0,0,bangladesh,australia,20-jun-24_australia
rishad hossain,1,1,0,24,24,24,10,240,0,0,0,1,3,bangladesh,india,22-jun-24_india
rishad hossain,1,1,0,13,13,13,7,185.71,0,0,0,1,1,bangladesh,nepal,16-jun-24_bangladesh
rishad hossain,1,1,1,0,0*,-,1,0,0,0,0,0,0,bangladesh,south africa,10-jun-24_south africa
rishad hossain,1,1,0,1,1,1,3,33.33,0,0,0,0,0,bangladesh,sri lanka,07-jun-24_bangladesh
rishad hossain,1,-,-,-,-,-,-,-,-,-,-,-,-,bangladesh,netherlands,13-jun-24_bangladesh
ad russell,1,1,1,3,3*,-,3,100,0,0,0,0,0,west indies,afghanistan,17-jun-24_west indies
ad russell,1,1,0,1,1,1,2,50,0,0,0,0,0,west indies,england,19-jun-24_england
ad russell,1,1,0,14,14,14,7,200,0,0,0,2,1,west indies,new zealand,12-jun-24_west indies
ad russell,1,1,1,15,15*,-,9,166.66,0,0,0,0,1,west indies,p.n.g.,02-jun-24_west indies
ad russell,1,1,0,15,15,15,9,166.66,0,0,0,0,2,west indies,south africa,23-jun-24_south africa
ad russell,1,1,1,30,30*,-,17,176.47,0,0,0,6,0,west indies,uganda,08-jun-24_west indies
ad russell,1,-,-,-,-,-,-,-,-,-,-,-,-,west indies,u.s.a.,21-jun-24_west indies
se rutherford,1,1,1,1,1*,-,1,100,0,0,0,0,0,west indies,afghanistan,17-jun-24_west indies
se rutherford,1,1,1,28,28*,-,15,186.66,0,0,0,1,2,west indies,england,19-jun-24_england
se rutherford,1,1,1,68,68*,-,39,174.35,0,1,0,2,6,west indies,new zealand,12-jun-24_west indies
se rutherford,1,1,0,2,2,2,7,28.57,0,0,0,0,0,west indies,p.n.g.,02-jun-24_west indies
se rutherford,1,1,0,0,0,0,4,0,0,0,1,0,0,west indies,south africa,23-jun-24_south africa
se rutherford,1,1,0,22,22,22,16,137.5,0,0,0,2,1,west indies,uganda,08-jun-24_west indies
se rutherford,1,-,-,-,-,-,-,-,-,-,-,-,-,west indies,u.s.a.,21-jun-24_west indies
saad bin zafar,1,1,1,1,1*,-,1,100,0,0,0,0,0,canada,ireland,07-jun-24_canada
saad bin zafar,1,1,0,10,10,10,21,47.61,0,0,0,1,0,canada,pakistan,11-jun-24_pakistan
saad bin zafar,1,-,-,-,-,-,-,-,-,-,-,-,-,canada,u.s.a.,01-jun-24_u.s.a.
anil sah,1,1,0,0,0,0,2,0,0,0,1,0,0,nepal,bangladesh,16-jun-24_bangladesh
anil sah,1,1,0,11,11,11,12,91.66,0,0,0,2,0,nepal,netherlands,04-jun-24_netherlands
anil sah,1,1,0,27,27,27,24,112.5,0,0,0,3,1,nepal,south africa,14-jun-24_south africa
saim ayub,1,1,0,6,6,6,12,50,0,0,0,0,0,pakistan,canada,11-jun-24_pakistan
saim ayub,1,1,0,17,17,17,17,100,0,0,0,2,1,pakistan,ireland,16-jun-24_pakistan
phil salt,1,1,0,37,37,37,23,160.86,0,0,0,4,2,england,australia,08-jun-24_australia
phil salt,1,1,0,5,5,5,8,62.5,0,0,0,0,0,england,india,27-jun-24_india
phil salt,1,1,0,11,11,11,8,137.5,0,0,0,2,0,england,namibia,15-jun-24_england
phil salt,1,1,0,12,12,12,3,400,0,0,0,0,2,england,oman,13-jun-24_england
phil salt,1,1,0,11,11,11,8,137.5,0,0,0,1,1,england,south africa,21-jun-24_south africa
phil salt,1,1,1,25,25*,-,21,119.04,0,0,0,2,0,england,u.s.a.,23-jun-24_england
phil salt,1,1,1,87,87*,-,47,185.1,0,1,0,7,5,england,west indies,19-jun-24_england
phil salt,1,-,-,-,-,-,-,-,-,-,-,-,-,england,scotland,04-jun-24_no result
s samarawickrama,1,1,0,0,0,0,1,0,0,0,1,0,0,sri lanka,south africa,03-jun-24_south africa
mj santner,1,1,0,4,4,4,8,50,0,0,0,0,0,new zealand,afghanistan,07-jun-24_afghanistan
mj santner,1,1,1,21,21*,-,12,175,0,0,0,0,3,new zealand,west indies,12-jun-24_west indies
mj santner,1,-,-,-,-,-,-,-,-,-,-,-,-,new zealand,p.n.g.,17-jun-24_new zealand
mj santner,1,-,-,-,-,-,-,-,-,-,-,-,-,new zealand,uganda,14-jun-24_new zealand
bernard scholtz,1,1,0,0,0,0,2,0,0,0,1,0,0,namibia,australia,11-jun-24_australia
bernard scholtz,1,1,1,6,6*,-,4,150,0,0,0,0,0,namibia,scotland,06-jun-24_scotland
bernard scholtz,1,-,-,-,-,-,-,-,-,-,-,-,-,namibia,england,15-jun-24_england
bernard scholtz,1,-,-,-,-,-,-,-,-,-,-,-,-,namibia,oman,02-jun-24_tied
s ssesazi,1,1,0,4,4,4,4,100,0,0,0,1,0,uganda,afghanistan,03-jun-24_afghanistan
s ssesazi,1,1,0,0,0,0,1,0,0,0,1,0,0,uganda,new zealand,14-jun-24_new zealand
s ssesazi,1,1,0,1,1,1,3,33.33,0,0,0,0,0,uganda,p.n.g.,05-jun-24_uganda
s ssesazi,1,1,0,4,4,4,3,133.33,0,0,0,1,0,uganda,west indies,08-jun-24_west indies
shoaib khan,1,1,0,4,4,4,7,57.14,0,0,0,0,0,pakistan,india,09-jun-24_india
shoaib khan,1,1,0,0,0,0,2,0,0,0,1,0,0,pakistan,ireland,16-jun-24_pakistan
shoaib khan,1,1,0,40,40,40,25,160,0,0,0,1,3,pakistan,u.s.a.,06-jun-24_tied
shoaib khan,1,-,-,-,-,-,-,-,-,-,-,-,-,pakistan,canada,11-jun-24_pakistan
shaheen shah afridi,1,1,1,0,0*,-,1,0,0,0,0,0,0,pakistan,india,09-jun-24_india
shaheen shah afridi,1,1,1,13,13*,-,5,260,0,0,0,0,2,pakistan,ireland,16-jun-24_pakistan
shaheen shah afridi,1,1,1,23,23*,-,16,143.75,0,0,0,1,2,pakistan,u.s.a.,06-jun-24_tied
shaheen shah afridi,1,-,-,-,-,-,-,-,-,-,-,-,-,pakistan,canada,11-jun-24_pakistan
shakeel ahmed,1,1,0,11,11,11,10,110,0,0,0,1,0,oman,australia,05-jun-24_australia
shakeel ahmed,1,1,0,11,11,11,9,122.22,0,0,0,2,0,oman,namibia,02-jun-24_tied
shakeel ahmed,1,1,1,3,3*,-,2,150,0,0,0,0,0,oman,scotland,09-jun-24_scotland
t shamsi,1,-,-,-,-,-,-,-,-,-,-,-,-,south africa,afghanistan,26-jun-24_south africa
t shamsi,1,-,-,-,-,-,-,-,-,-,-,-,-,south africa,india,29-jun-24_india
t shamsi,1,-,-,-,-,-,-,-,-,-,-,-,-,south africa,nepal,14-jun-24_south africa
t shamsi,1,-,-,-,-,-,-,-,-,-,-,-,-,south africa,u.s.a.,19-jun-24_south africa
t shamsi,1,-,-,-,-,-,-,-,-,-,-,-,-,south africa,west indies,23-jun-24_south africa
md shanaka,1,1,0,3,3,3,7,42.85,0,0,0,0,0,sri lanka,bangladesh,07-jun-24_bangladesh
md shanaka,1,1,0,0,0,0,1,0,0,0,1,0,0,sri lanka,netherlands,16-jun-24_sri lanka
md shanaka,1,1,0,9,9,9,10,90,0,0,0,0,1,sri lanka,south africa,03-jun-24_south africa
tanzid hasan,1,1,0,0,0,0,1,0,0,0,1,0,0,bangladesh,afghanistan,24-jun-24_afghanistan
tanzid hasan,1,1,0,8,8,8,10,80,0,0,0,0,0,bangladesh,australia,20-jun-24_australia
tanzid hasan,1,1,0,11,11,11,7,157.14,0,0,0,1,1,bangladesh,india,22-jun-24_india
tanzid hasan,1,1,0,17,17,17,22,77.27,0,0,0,2,0,bangladesh,nepal,16-jun-24_bangladesh
tanzid hasan,1,1,1,64,64*,-,46,139.13,0,1,0,9,0,bangladesh,netherlands,13-jun-24_bangladesh
tanzid hasan,1,1,0,3,3,3,4,75,0,0,0,0,0,bangladesh,south africa,10-jun-24_south africa
tanzid hasan,1,1,0,8,8,8,14,57.14,0,0,0,0,0,bangladesh,sri lanka,07-jun-24_bangladesh
sm sharif,1,-,-,-,-,-,-,-,-,-,-,-,-,scotland,australia,15-jun-24_australia
sm sharif,1,-,-,-,-,-,-,-,-,-,-,-,-,scotland,oman,09-jun-24_scotland
rohit sharma,1,1,0,8,8,8,13,61.53,0,0,0,1,0,india,afghanistan,20-jun-24_india
rohit sharma,1,1,0,92,92,92,41,224.39,0,1,0,7,8,india,australia,24-jun-24_india
rohit sharma,1,1,0,23,23,23,11,209.09,0,0,0,3,1,india,bangladesh,22-jun-24_india
rohit sharma,1,1,0,57,57,57,39,146.15,0,1,0,6,2,india,england,27-jun-24_india
rohit sharma,1,1,1,52,52*,-,37,140.54,0,1,0,4,3,india,ireland,05-jun-24_india
rohit sharma,1,1,0,13,13,13,12,108.33,0,0,0,1,1,india,pakistan,09-jun-24_india
rohit sharma,1,1,0,9,9,9,5,180,0,0,0,2,0,india,south africa,29-jun-24_india
rohit sharma,1,1,0,3,3,3,6,50,0,0,0,0,0,india,u.s.a.,12-jun-24_india
shayan jahangir,1,1,0,0,0,0,1,0,0,0,1,0,0,u.s.a.,india,12-jun-24_india
shayan jahangir,1,1,0,3,3,3,9,33.33,0,0,0,0,0,u.s.a.,south africa,19-jun-24_south africa
r shepherd,1,1,1,5,5*,-,7,71.42,0,0,0,1,0,west indies,england,19-jun-24_england
r shepherd,1,1,0,13,13,13,13,100,0,0,0,0,1,west indies,new zealand,12-jun-24_west indies
r shepherd,1,1,1,5,5*,-,5,100,0,0,0,0,0,west indies,uganda,08-jun-24_west indies
r shepherd,1,-,-,-,-,-,-,-,-,-,-,-,-,west indies,p.n.g.,02-jun-24_west indies
ben shikongo,1,1,0,0,0,0,4,0,0,0,1,0,0,namibia,australia,11-jun-24_australia
shoaib khan,1,1,0,0,0,0,4,0,0,0,1,0,0,oman,australia,05-jun-24_australia
shoaib khan,1,1,0,11,11,11,23,47.82,0,0,0,1,0,oman,england,13-jun-24_england
l siaka,1,1,0,0,0,0,1,0,0,0,1,0,0,p.n.g.,afghanistan,13-jun-24_afghanistan
l siaka,1,1,0,12,12,12,17,70.58,0,0,0,1,0,p.n.g.,uganda,05-jun-24_uganda
l siaka,1,1,0,1,1,1,2,50,0,0,0,0,0,p.n.g.,west indies,02-jun-24_west indies
jj smit,1,1,0,3,3,3,9,33.33,0,0,0,0,0,namibia,australia,11-jun-24_australia
jj smit,1,1,1,0,0*,-,1,0,0,0,0,0,0,namibia,england,15-jun-24_england
jj smit,1,1,0,8,8,8,12,66.66,0,0,0,1,0,namibia,oman,02-jun-24_tied
jj smit,1,1,0,11,11,11,8,137.5,0,0,0,0,1,namibia,scotland,06-jun-24_scotland
is sodhi,1,-,-,-,-,-,-,-,-,-,-,-,-,new zealand,p.n.g.,17-jun-24_new zealand
cb sole,1,-,-,-,-,-,-,-,-,-,-,-,-,scotland,australia,15-jun-24_australia
cb sole,1,-,-,-,-,-,-,-,-,-,-,-,-,scotland,england,04-jun-24_no result
cb sole,1,-,-,-,-,-,-,-,-,-,-,-,-,scotland,namibia,06-jun-24_scotland
cb sole,1,-,-,-,-,-,-,-,-,-,-,-,-,scotland,oman,09-jun-24_scotland
sompal kami,1,1,0,0,0,0,2,0,0,0,1,0,0,nepal,bangladesh,16-jun-24_bangladesh
sompal kami,1,1,0,0,0,0,5,0,0,0,1,0,0,nepal,netherlands,04-jun-24_netherlands
sompal kami,1,1,1,8,8*,-,4,200,0,0,0,0,1,nepal,south africa,14-jun-24_south africa
ca soper,1,1,0,9,9,9,26,34.61,0,0,0,0,0,p.n.g.,afghanistan,13-jun-24_afghanistan
ca soper,1,1,0,1,1,1,6,16.66,0,0,0,0,0,p.n.g.,new zealand,17-jun-24_new zealand
ca soper,1,1,0,4,4,4,11,36.36,0,0,0,0,0,p.n.g.,uganda,05-jun-24_uganda
ca soper,1,1,0,10,10,10,9,111.11,0,0,0,1,0,p.n.g.,west indies,02-jun-24_west indies
soumya sarkar,1,1,0,10,10,10,10,100,0,0,0,1,0,bangladesh,afghanistan,24-jun-24_afghanistan
soumya sarkar,1,1,0,0,0,0,2,0,0,0,1,0,0,bangladesh,sri lanka,07-jun-24_bangladesh
tim southee,1,1,0,0,0,0,1,0,0,0,1,0,0,new zealand,west indies,12-jun-24_west indies
tim southee,1,-,-,-,-,-,-,-,-,-,-,-,-,new zealand,p.n.g.,17-jun-24_new zealand
tim southee,1,-,-,-,-,-,-,-,-,-,-,-,-,new zealand,uganda,14-jun-24_new zealand
h ssenyondo,1,1,0,0,0,0,1,0,0,0,1,0,0,uganda,afghanistan,03-jun-24_afghanistan
mitchell starc,1,1,1,0,0*,-,0,-,0,0,0,0,0,australia,england,08-jun-24_australia
mitchell starc,1,1,1,4,4*,-,7,57.14,0,0,0,0,0,australia,india,24-jun-24_india
mitchell starc,1,-,-,-,-,-,-,-,-,-,-,-,-,australia,bangladesh,20-jun-24_australia
mitchell starc,1,-,-,-,-,-,-,-,-,-,-,-,-,australia,oman,05-jun-24_australia
mitchell starc,1,-,-,-,-,-,-,-,-,-,-,-,-,australia,scotland,15-jun-24_australia
paul stirling,1,1,0,9,9,9,17,52.94,0,0,0,1,0,ireland,canada,07-jun-24_canada
paul stirling,1,1,0,2,2,2,6,33.33,0,0,0,0,0,ireland,india,05-jun-24_india
paul stirling,1,1,0,1,1,1,2,50,0,0,0,0,0,ireland,pakistan,16-jun-24_pakistan
marcus stoinis,1,1,0,11,11,11,17,64.7,0,0,0,1,0,australia,afghanistan,22-jun-24_afghanistan
marcus stoinis,1,1,0,30,30,30,17,176.47,0,0,0,2,2,australia,england,08-jun-24_australia
marcus stoinis,1,1,0,2,2,2,4,50,0,0,0,0,0,australia,india,24-jun-24_india
marcus stoinis,1,1,1,67,67*,-,36,186.11,0,1,0,2,6,australia,oman,05-jun-24_australia
marcus stoinis,1,1,0,59,59,59,29,203.44,0,1,0,9,2,australia,scotland,15-jun-24_australia
marcus stoinis,1,-,-,-,-,-,-,-,-,-,-,-,-,australia,bangladesh,20-jun-24_australia
marcus stoinis,1,-,-,-,-,-,-,-,-,-,-,-,-,australia,namibia,11-jun-24_australia
t stubbs,1,1,0,0,0,0,5,0,0,0,1,0,0,south africa,bangladesh,10-jun-24_south africa
t stubbs,1,1,1,12,12*,-,11,109.09,0,0,0,1,0,south africa,england,21-jun-24_south africa
t stubbs,1,1,0,31,31,31,21,147.61,0,0,0,3,1,south africa,india,29-jun-24_india
t stubbs,1,1,1,27,27*,-,18,150,0,0,0,2,1,south africa,nepal,14-jun-24_south africa
t stubbs,1,1,0,33,33,33,37,89.18,0,0,0,1,1,south africa,netherlands,08-jun-24_south africa
t stubbs,1,1,0,13,13,13,28,46.42,0,0,0,0,0,south africa,sri lanka,03-jun-24_south africa
t stubbs,1,1,1,20,20*,-,16,125,0,0,0,2,0,south africa,u.s.a.,19-jun-24_south africa
t stubbs,1,1,0,29,29,29,27,107.4,0,0,0,4,0,south africa,west indies,23-jun-24_south africa
t stubbs,1,-,-,-,-,-,-,-,-,-,-,-,-,south africa,afghanistan,26-jun-24_south africa
tanzid hasan,1,1,0,0,0,0,3,0,0,0,1,0,0,bangladesh,afghanistan,24-jun-24_afghanistan
tanzid hasan,1,1,0,0,0,0,3,0,0,0,1,0,0,bangladesh,australia,20-jun-24_australia
tanzid hasan,1,1,0,29,29,29,31,93.54,0,0,0,4,0,bangladesh,india,22-jun-24_india
tanzid hasan,1,1,0,0,0,0,1,0,0,0,1,0,0,bangladesh,nepal,16-jun-24_bangladesh
tanzid hasan,1,1,0,35,35,35,26,134.61,0,0,0,5,1,bangladesh,netherlands,13-jun-24_bangladesh
tanzid hasan,1,1,0,9,9,9,9,100,0,0,0,2,0,bangladesh,south africa,10-jun-24_south africa
tanzid hasan,1,1,0,3,3,3,6,50,0,0,0,0,0,bangladesh,sri lanka,07-jun-24_bangladesh
tanzim hasan sakib,1,1,0,3,3,3,10,30,0,0,0,0,0,bangladesh,afghanistan,24-jun-24_afghanistan
tanzim hasan sakib,1,1,1,4,4*,-,3,133.33,0,0,0,0,0,bangladesh,australia,20-jun-24_australia
tanzim hasan sakib,1,1,1,1,1*,-,1,100,0,0,0,0,0,bangladesh,india,22-jun-24_india
tanzim hasan sakib,1,1,0,3,3,3,5,60,0,0,0,0,0,bangladesh,nepal,16-jun-24_bangladesh
tanzim hasan sakib,1,1,1,1,1*,-,4,25,0,0,0,0,0,bangladesh,sri lanka,07-jun-24_bangladesh
tanzim hasan sakib,1,-,-,-,-,-,-,-,-,-,-,-,-,bangladesh,netherlands,13-jun-24_bangladesh
tanzim hasan sakib,1,-,-,-,-,-,-,-,-,-,-,-,-,bangladesh,south africa,10-jun-24_south africa
shakeel ahmed,1,1,0,2,2,2,9,22.22,0,0,0,0,0,bangladesh,afghanistan,24-jun-24_afghanistan
shakeel ahmed,1,1,1,13,13*,-,7,185.71,0,0,0,1,0,bangladesh,australia,20-jun-24_australia
shakeel ahmed,1,1,1,12,12*,-,15,80,0,0,0,2,0,bangladesh,nepal,16-jun-24_bangladesh
shakeel ahmed,1,1,1,1,1*,-,1,100,0,0,0,0,0,bangladesh,south africa,10-jun-24_south africa
shakeel ahmed,1,1,0,0,0,0,1,0,0,0,1,0,0,bangladesh,sri lanka,07-jun-24_bangladesh
shakeel ahmed,1,-,-,-,-,-,-,-,-,-,-,-,-,bangladesh,netherlands,13-jun-24_bangladesh
sr taylor,1,1,0,0,0,0,2,0,0,0,1,0,0,u.s.a.,canada,01-jun-24_u.s.a.
sr taylor,1,1,0,12,12,12,13,92.3,0,0,0,2,0,u.s.a.,england,23-jun-24_england
sr taylor,1,1,0,24,24,24,30,80,0,0,0,0,2,u.s.a.,india,12-jun-24_india
sr taylor,1,1,0,12,12,12,16,75,0,0,0,1,0,u.s.a.,pakistan,06-jun-24_tied
sr taylor,1,1,0,24,24,24,14,171.42,0,0,0,4,1,u.s.a.,south africa,19-jun-24_south africa
sr taylor,1,1,0,2,2,2,7,28.57,0,0,0,0,0,u.s.a.,west indies,21-jun-24_west indies
harry tector,1,1,0,7,7,7,5,140,0,0,0,0,0,ireland,canada,07-jun-24_canada
harry tector,1,1,0,4,4,4,16,25,0,0,0,0,0,ireland,india,05-jun-24_india
harry tector,1,1,0,0,0,0,6,0,0,0,1,0,0,ireland,pakistan,16-jun-24_pakistan
m theekshana,1,1,0,0,0,0,3,0,0,0,1,0,0,sri lanka,bangladesh,07-jun-24_bangladesh
m theekshana,1,1,1,7,7*,-,16,43.75,0,0,0,1,0,sri lanka,south africa,03-jun-24_south africa
m theekshana,1,-,-,-,-,-,-,-,-,-,-,-,-,sri lanka,netherlands,16-jun-24_sri lanka
n thushara,1,1,1,0,0*,-,1,0,0,0,0,0,0,sri lanka,bangladesh,07-jun-24_bangladesh
n thushara,1,1,0,0,0,0,4,0,0,0,1,0,0,sri lanka,south africa,03-jun-24_south africa
n thushara,1,-,-,-,-,-,-,-,-,-,-,-,-,sri lanka,netherlands,16-jun-24_sri lanka
reece topley,1,1,1,3,3*,-,3,100,0,0,0,0,0,england,india,27-jun-24_india
reece topley,1,-,-,-,-,-,-,-,-,-,-,-,-,england,namibia,15-jun-24_england
reece topley,1,-,-,-,-,-,-,-,-,-,-,-,-,england,oman,13-jun-24_england
reece topley,1,-,-,-,-,-,-,-,-,-,-,-,-,england,south africa,21-jun-24_south africa
reece topley,1,-,-,-,-,-,-,-,-,-,-,-,-,england,u.s.a.,23-jun-24_england
reece topley,1,-,-,-,-,-,-,-,-,-,-,-,-,england,west indies,19-jun-24_england
towhid hridoy,1,1,0,14,14,14,9,155.55,0,0,0,2,0,bangladesh,afghanistan,24-jun-24_afghanistan
towhid hridoy,1,1,0,40,40,40,28,142.85,0,0,0,2,2,bangladesh,australia,20-jun-24_australia
towhid hridoy,1,1,0,4,4,4,6,66.66,0,0,0,0,0,bangladesh,india,22-jun-24_india
towhid hridoy,1,1,0,9,9,9,7,128.57,0,0,0,2,0,bangladesh,nepal,16-jun-24_bangladesh
towhid hridoy,1,1,0,9,9,9,15,60,0,0,0,0,0,bangladesh,netherlands,13-jun-24_bangladesh
towhid hridoy,1,1,0,37,37,37,34,108.82,0,0,0,2,2,bangladesh,south africa,10-jun-24_south africa
towhid hridoy,1,1,0,40,40,40,20,200,0,0,0,1,4,bangladesh,sri lanka,07-jun-24_bangladesh
ruben trumpelmann,1,1,0,7,7,7,7,100,0,0,0,0,1,namibia,australia,11-jun-24_australia
ruben trumpelmann,1,1,0,1,1,1,2,50,0,0,0,0,0,namibia,scotland,06-jun-24_scotland
ruben trumpelmann,1,-,-,-,-,-,-,-,-,-,-,-,-,namibia,england,15-jun-24_england
ruben trumpelmann,1,-,-,-,-,-,-,-,-,-,-,-,-,namibia,oman,02-jun-24_tied
lj tucker,1,1,0,10,10,10,15,66.66,0,0,0,0,0,ireland,canada,07-jun-24_canada
lj tucker,1,1,0,10,10,10,13,76.92,0,0,0,2,0,ireland,india,05-jun-24_india
lj tucker,1,1,0,2,2,2,2,100,0,0,0,0,0,ireland,pakistan,16-jun-24_pakistan
tp ura,1,1,0,11,11,11,18,61.11,0,0,0,1,0,p.n.g.,afghanistan,13-jun-24_afghanistan
tp ura,1,1,0,1,1,1,2,50,0,0,0,0,0,p.n.g.,new zealand,17-jun-24_new zealand
tp ura,1,1,0,2,2,2,6,33.33,0,0,0,0,0,p.n.g.,uganda,05-jun-24_uganda
tp ura,1,1,0,2,2,2,5,40,0,0,0,0,0,p.n.g.,west indies,02-jun-24_west indies
shoaib khan,1,1,1,2,2*,-,1,200,0,0,0,0,0,pakistan,canada,11-jun-24_pakistan
shoaib khan,1,1,0,13,13,13,15,86.66,0,0,0,1,0,pakistan,india,09-jun-24_india
shoaib khan,1,1,0,2,2,2,3,66.66,0,0,0,0,0,pakistan,ireland,16-jun-24_pakistan
shoaib khan,1,1,0,3,3,3,3,100,0,0,0,0,0,pakistan,u.s.a.,06-jun-24_tied
a vala,1,1,0,3,3,3,2,150,0,0,0,0,0,p.n.g.,afghanistan,13-jun-24_afghanistan
a vala,1,1,0,6,6,6,16,37.5,0,0,0,1,0,p.n.g.,new zealand,17-jun-24_new zealand
a vala,1,1,0,0,0,0,2,0,0,0,1,0,0,p.n.g.,uganda,05-jun-24_uganda
a vala,1,1,0,21,21,21,22,95.45,0,0,0,2,1,p.n.g.,west indies,02-jun-24_west indies
logan van beek,1,1,0,2,2,2,3,66.66,0,0,0,0,0,netherlands,bangladesh,13-jun-24_bangladesh
logan van beek,1,1,0,23,23,23,22,104.54,0,0,0,3,0,netherlands,south africa,08-jun-24_south africa
logan van beek,1,1,0,0,0,0,1,0,0,0,1,0,0,netherlands,sri lanka,16-jun-24_sri lanka
logan van beek,1,-,-,-,-,-,-,-,-,-,-,-,-,netherlands,nepal,04-jun-24_netherlands
michael van lingen,1,1,0,10,10,10,10,100,0,0,0,2,0,namibia,australia,11-jun-24_australia
michael van lingen,1,1,0,33,33,33,29,113.79,0,0,0,1,3,namibia,england,15-jun-24_england
michael van lingen,1,1,0,0,0,0,2,0,0,0,1,0,0,namibia,oman,02-jun-24_tied
paul van meekeren,1,1,1,1,1*,-,1,100,0,0,0,0,0,netherlands,south africa,08-jun-24_south africa
paul van meekeren,1,1,0,3,3,3,8,37.5,0,0,0,0,0,netherlands,sri lanka,16-jun-24_sri lanka
paul van meekeren,1,-,-,-,-,-,-,-,-,-,-,-,-,netherlands,bangladesh,13-jun-24_bangladesh
paul van meekeren,1,-,-,-,-,-,-,-,-,-,-,-,-,netherlands,nepal,04-jun-24_netherlands
sc van schalkwyk,1,1,1,0,0*,-,0,-,0,0,0,0,0,u.s.a.,england,23-jun-24_england
sc van schalkwyk,1,1,1,11,11*,-,10,110,0,0,0,1,0,u.s.a.,india,12-jun-24_india
sc van schalkwyk,1,1,0,18,18,18,17,105.88,0,0,0,3,0,u.s.a.,west indies,21-jun-24_west indies
sc van schalkwyk,1,-,-,-,-,-,-,-,-,-,-,-,-,u.s.a.,canada,01-jun-24_u.s.a.
n vanua,1,1,0,0,0,0,7,0,0,0,1,0,0,p.n.g.,afghanistan,13-jun-24_afghanistan
n vanua,1,1,0,14,14,14,13,107.69,0,0,0,1,1,p.n.g.,new zealand,17-jun-24_new zealand
n vanua,1,1,0,5,5,5,10,50,0,0,0,0,0,p.n.g.,uganda,05-jun-24_uganda
vikramjit singh,1,1,0,26,26,26,16,162.5,0,0,0,0,3,netherlands,bangladesh,13-jun-24_bangladesh
vikramjit singh,1,1,0,22,22,22,28,78.57,0,0,0,4,0,netherlands,nepal,04-jun-24_netherlands
vikramjit singh,1,1,0,12,12,12,17,70.58,0,0,0,1,0,netherlands,south africa,08-jun-24_south africa
vikramjit singh,1,1,0,7,7,7,10,70,0,0,0,0,0,netherlands,sri lanka,16-jun-24_sri lanka
matthew wade,1,1,0,5,5,5,7,71.42,0,0,0,0,0,australia,afghanistan,22-jun-24_afghanistan
matthew wade,1,1,1,17,17*,-,10,170,0,0,0,3,0,australia,england,08-jun-24_australia
matthew wade,1,1,0,1,1,1,2,50,0,0,0,0,0,australia,india,24-jun-24_india
matthew wade,1,1,1,4,4*,-,5,80,0,0,0,0,0,australia,scotland,15-jun-24_australia
matthew wade,1,-,-,-,-,-,-,-,-,-,-,-,-,australia,bangladesh,20-jun-24_australia
matthew wade,1,-,-,-,-,-,-,-,-,-,-,-,-,australia,namibia,11-jun-24_australia
matthew wade,1,-,-,-,-,-,-,-,-,-,-,-,-,australia,oman,05-jun-24_australia
k waiswa,1,1,0,11,11,11,18,61.11,0,0,0,2,0,uganda,new zealand,14-jun-24_new zealand
k waiswa,1,1,1,7,7*,-,16,43.75,0,0,0,0,0,uganda,p.n.g.,05-jun-24_uganda
k waiswa,1,1,0,1,1,1,10,10,0,0,0,0,0,uganda,west indies,08-jun-24_west indies
david warner,1,1,0,3,3,3,8,37.5,0,0,0,0,0,australia,afghanistan,22-jun-24_afghanistan
david warner,1,1,1,53,53*,-,35,151.42,0,1,0,5,3,australia,bangladesh,20-jun-24_australia
david warner,1,1,0,39,39,39,16,243.75,0,0,0,2,4,australia,england,08-jun-24_australia
david warner,1,1,0,6,6,6,6,100,0,0,0,1,0,australia,india,24-jun-24_india
david warner,1,1,0,20,20,20,8,250,0,0,0,3,1,australia,namibia,11-jun-24_australia
david warner,1,1,0,56,56,56,51,109.8,0,1,0,6,1,australia,oman,05-jun-24_australia
david warner,1,1,0,1,1,1,4,25,0,0,0,0,0,australia,scotland,15-jun-24_australia
mrj watt,1,-,-,-,-,-,-,-,-,-,-,-,-,scotland,australia,15-jun-24_australia
mrj watt,1,-,-,-,-,-,-,-,-,-,-,-,-,scotland,england,04-jun-24_no result
mrj watt,1,-,-,-,-,-,-,-,-,-,-,-,-,scotland,namibia,06-jun-24_scotland
mrj watt,1,-,-,-,-,-,-,-,-,-,-,-,-,scotland,oman,09-jun-24_scotland
btj wheal,1,-,-,-,-,-,-,-,-,-,-,-,-,scotland,australia,15-jun-24_australia
btj wheal,1,-,-,-,-,-,-,-,-,-,-,-,-,scotland,england,04-jun-24_no result
btj wheal,1,-,-,-,-,-,-,-,-,-,-,-,-,scotland,namibia,06-jun-24_scotland
btj wheal,1,-,-,-,-,-,-,-,-,-,-,-,-,scotland,oman,09-jun-24_scotland
ben white,1,1,1,2,2*,-,4,50,0,0,0,0,0,ireland,india,05-jun-24_india
ben white,1,1,1,5,5*,-,20,25,0,0,0,0,0,ireland,pakistan,16-jun-24_pakistan
david wiese,1,1,0,1,1,1,7,14.28,0,0,0,0,0,namibia,australia,11-jun-24_australia
david wiese,1,1,0,27,27,27,12,225,0,0,0,2,2,namibia,england,15-jun-24_england
david wiese,1,1,1,9,9*,-,8,112.5,0,0,0,0,1,namibia,oman,02-jun-24_tied
david wiese,1,1,0,14,14,14,13,107.69,0,0,0,0,1,namibia,scotland,06-jun-24_scotland
kane williamson,1,1,0,9,9,9,13,69.23,0,0,0,1,0,new zealand,afghanistan,07-jun-24_afghanistan
kane williamson,1,1,1,18,18*,-,17,105.88,0,0,0,2,0,new zealand,p.n.g.,17-jun-24_new zealand
kane williamson,1,1,0,1,1,1,2,50,0,0,0,0,0,new zealand,west indies,12-jun-24_west indies
kane williamson,1,-,-,-,-,-,-,-,-,-,-,-,-,new zealand,uganda,14-jun-24_new zealand
ma wood,1,-,-,-,-,-,-,-,-,-,-,-,-,england,australia,08-jun-24_australia
ma wood,1,-,-,-,-,-,-,-,-,-,-,-,-,england,oman,13-jun-24_england
ma wood,1,-,-,-,-,-,-,-,-,-,-,-,-,england,scotland,04-jun-24_no result
ma wood,1,-,-,-,-,-,-,-,-,-,-,-,-,england,south africa,21-jun-24_south africa
ma wood,1,-,-,-,-,-,-,-,-,-,-,-,-,england,west indies,19-jun-24_england
suryakumar yadav,1,1,0,53,53,53,28,189.28,0,1,0,5,3,india,afghanistan,20-jun-24_india
suryakumar yadav,1,1,0,31,31,31,16,193.75,0,0,0,3,2,india,australia,24-jun-24_india
suryakumar yadav,1,1,0,6,6,6,2,300,0,0,0,0,1,india,bangladesh,22-jun-24_india
suryakumar yadav,1,1,0,47,47,47,36,130.55,0,0,0,4,2,india,england,27-jun-24_india
suryakumar yadav,1,1,0,2,2,2,4,50,0,0,0,0,0,india,ireland,05-jun-24_india
suryakumar yadav,1,1,0,7,7,7,8,87.5,0,0,0,1,0,india,pakistan,09-jun-24_india
suryakumar yadav,1,1,0,3,3,3,4,75,0,0,0,0,0,india,south africa,29-jun-24_india
suryakumar yadav,1,1,1,50,50*,-,49,102.04,0,1,0,2,2,india,u.s.a.,12-jun-24_india
craig young,1,-,-,-,-,-,-,-,-,-,-,-,-,ireland,canada,07-jun-24_canada
adam zampa,1,1,0,9,9,9,7,128.57,0,0,0,1,0,australia,afghanistan,22-jun-24_afghanistan
adam zampa,1,-,-,-,-,-,-,-,-,-,-,-,-,australia,bangladesh,20-jun-24_australia
adam zampa,1,-,-,-,-,-,-,-,-,-,-,-,-,australia,england,08-jun-24_australia
adam zampa,1,-,-,-,-,-,-,-,-,-,-,-,-,australia,india,24-jun-24_india
adam zampa,1,-,-,-,-,-,-,-,-,-,-,-,-,australia,namibia,11-jun-24_australia
adam zampa,1,-,-,-,-,-,-,-,-,-,-,-,-,australia,oman,05-jun-24_australia
adam zampa,1,-,-,-,-,-,-,-,-,-,-,-,-,australia,scotland,15-jun-24_australia
zeeshan maqsood,1,1,0,1,1,1,7,14.28,0,0,0,0,0,oman,australia,05-jun-24_australia
zeeshan maqsood,1,1,0,1,1,1,5,20,0,0,0,0,0,oman,england,13-jun-24_england
zeeshan maqsood,1,1,0,22,22,22,20,110,0,0,0,4,0,oman,namibia,02-jun-24_tied
zeeshan maqsood,1,1,0,3,3,3,4,75,0,0,0,0,0,oman,scotland,09-jun-24_scotland
